source_row,source_code,gradecam_alias,lesson,title,objective,coverage,engine_skill_ids,gap,verification,canonical_outcome,recursion_note,gradecam_priority,test_bank_reference,delivery_requirement,ready_for_automatic_assignment
2,PS.MAT.G5.NS.1.1,PS.MAT.G5.1.1,Lesson 1:,Arithmetic with Whole Numbers and Money Variables and Evaluation,Distinguish between counting (natural) numbers and whole numbers.,Missing,,Add a generator and response contract for this exact task: Distinguish between counting (natural) numbers and whole numbers.,Design audit only; not mathematically verified,PS.MAT.G5.1.1,Retain source outcome; no automatic merge.,False,,Task-specific response contract,False
3,PS.MAT.G5.OA.1.2,PS.MAT.G5.1.2,Lesson 1:,Arithmetic with Whole Numbers and Money Variables and Evaluation,Identify four fundamental operations of arithmetic.,Missing,,Add a generator and response contract for this exact task: Identify four fundamental operations of arithmetic.,Design audit only; not mathematically verified,PS.MAT.G5.1.2,Retain source outcome; no automatic merge.,True,,Task-specific response contract,False
4,PS.MAT.G5.OA.1.3,PS.MAT.G5.1.3,Lesson 1:,Arithmetic with Whole Numbers and Money Variables and Evaluation,"Identify and name the parts of addition, subtraction, multiplication, and division problems.",Missing,,"Add a generator and response contract for this exact task: Identify and name the parts of addition, subtraction, multiplication, and division problems.",Design audit only; not mathematically verified,PS.MAT.G5.1.3,Retain source outcome; no automatic merge.,False,,Task-specific response contract,False
5,PS.MAT.G5.MD.1.4,PS.MAT.G5.1.4,Lesson 1:,Arithmetic with Whole Numbers and Money Variables and Evaluation,Express dollars and cents correctly.,Missing,,Add a generator and response contract for this exact task: Express dollars and cents correctly.,Design audit only; not mathematically verified,PS.MAT.G5.1.4,Retain source outcome; no automatic merge.,False,,Task-specific response contract,False
6,PS.MAT.G5.OA.1.5,PS.MAT.G5.1.5,Lesson 1:,Arithmetic with Whole Numbers and Money Variables and Evaluation,Evaluate an expression with variables when the variables are assigned specific values.,Partial,g6-eval,"Only positive ax+b substitution; add formula families, multiple variables and required order-of-operations variants.",Design audit only; not mathematically verified,PS.MAT.G5.1.5,Retain source outcome; no automatic merge.,True,,Task-specific response contract,False
7,PS.MAT.G5.NBT.1.6,PS.MAT.G5.1.6,Lesson 1:,Arithmetic with Whole Numbers and Money Variables and Evaluation,Multiply with whole and decimal numbers.,Direct,g4-mul; g5-mul; g5-decmul,Direct whole/decimal multiplication exists; confirm curriculum ranges before worksheet use.,Design audit only; not mathematically verified,PS.MAT.G5.1.6,Retain source outcome; no automatic merge.,False,,Task-specific response contract,False
8,PS.MAT.G5.NBT.1.7,PS.MAT.G5.1.7,Lesson 1:,Arithmetic with Whole Numbers and Money Variables and Evaluation,Divide with whole number divisors and decimal number dividends. ,Partial,g7-signeddec,Mixed signed-decimal skill can divide a decimal by a whole number; isolate positive decimal-dividend/whole-divisor selection.,Design audit only; not mathematically verified,PS.MAT.G5.1.7,Retain source outcome; no automatic merge.,False,,Task-specific response contract,False
9,PS.MAT.G5.NBT.1.8,PS.MAT.G5.1.8,Lesson 1:,Arithmetic with Whole Numbers and Money Variables and Evaluation,Divide with whole number divisors and dividends where the quotient requires a remainder or fraction.,Partial,g4-div-3by1-remainder; g5-quotient,Remainder notation and fraction quotient tasks exist separately; add configurable answer-form choice and mixed-number output.,Design audit only; not mathematically verified,PS.MAT.G5.1.8,Retain source outcome; no automatic merge.,False,,Task-specific response contract,False
10,PS.MAT.G5.OA.2.1,PS.MAT.G5.2.1,Lesson 2:,Properties of Operations • Sequences,Identify the properties of operations.,Partial,g3-commute; g3-associate; g3-distribute,Existing arithmetic illustrates some properties; does not ask learners to identify/name properties or supply the requested examples/counterexamples.,Design audit only; not mathematically verified,PS.MAT.G5.2.1,Retain source outcome; no automatic merge.,True,,Task-specific response contract,False
11,PS.MAT.G5.OA.2.2,PS.MAT.G5.2.2,Lesson 2:,Properties of Operations • Sequences,Illustrate the properties of operations.,Partial,g3-commute; g3-associate; g3-distribute,Existing arithmetic illustrates some properties; does not ask learners to identify/name properties or supply the requested examples/counterexamples.,Design audit only; not mathematically verified,PS.MAT.G5.2.2,Retain source outcome; no automatic merge.,True,,Written/constructed response,False
12,PS.MAT.G5.OA.2.3,PS.MAT.G5.2.3,Lesson 2:,Properties of Operations • Sequences,Determine a pattern or rule for a sequence and then apply the rule to continue the sequence.,Partial,g3-pattern; g4-pattern; g5-pattern,Arithmetic patterns exist; some give the rule explicitly. Add rule inference and broader sequence families.,Design audit only; not mathematically verified,PS.MAT.G5.2.3,Retain source outcome; no automatic merge.,True,,Task-specific response contract,False
13,PS.MAT.G5.OA.2.4,PS.MAT.G5.2.4,Lesson 2:,Properties of Operations • Sequences,Illustrate the commutative property of addition or multiplication by giving an example involving specified digits.,Partial,g3-commute; g3-associate; g3-distribute,Existing arithmetic illustrates some properties; does not ask learners to identify/name properties or supply the requested examples/counterexamples.,Design audit only; not mathematically verified,PS.MAT.G5.2.4,Retain source outcome; no automatic merge.,False,,Written/constructed response,False
14,PS.MAT.G5.OA.2.5,PS.MAT.G5.2.5,Lesson 2:,Properties of Operations • Sequences,Illustrate the associative property of addition or multiplication by giving an example involving specified digits.,Partial,g3-commute; g3-associate; g3-distribute,Existing arithmetic illustrates some properties; does not ask learners to identify/name properties or supply the requested examples/counterexamples.,Design audit only; not mathematically verified,PS.MAT.G5.2.5,Retain source outcome; no automatic merge.,False,,Written/constructed response,False
15,PS.MAT.G5.OA.2.6,PS.MAT.G5.2.6,Lesson 2:,Properties of Operations • Sequences,Illustrate why the associative and commutative properties do not apply to the operations of subtraction or division. ,Partial,g3-commute; g3-associate; g3-distribute,Existing arithmetic illustrates some properties; does not ask learners to identify/name properties or supply the requested examples/counterexamples.,Design audit only; not mathematically verified,PS.MAT.G5.2.6,Retain source outcome; no automatic merge.,False,,Written/constructed response,False
16,PS.MAT.G5.OA.3.1,PS.MAT.G5.3.1,Lesson 3:,"Missing Numbers in Addition, Subtraction, Multiplication, and Division","Find the value of a variable in addition, subtraction, multiplication, and division equations.",Direct,g6-eq; g3-submissing; g3-divisor,One-step operation families and missing subtraction/divisor positions present; constrain ranges as needed.,Design audit only; not mathematically verified,PS.MAT.G5.3.1,Retain source outcome; no automatic merge.,True,,Task-specific response contract,False
17,PS.MAT.G5.OA.3.2,PS.MAT.G5.3.2,Lesson 3:,"Missing Numbers in Addition, Subtraction, Multiplication, and Division",Find a missing addend in an equation or number sentence.,Direct,g3-addmissing,Direct missing-addend task exists.,Design audit only; not mathematically verified,PS.MAT.G5.3.2,Retain source outcome; no automatic merge.,False,,Task-specific response contract,False
18,PS.MAT.G5.OA.3.3,PS.MAT.G5.3.3,Lesson 3:,"Missing Numbers in Addition, Subtraction, Multiplication, and Division",Find a missing factor in an equation or number sentence.,Direct,g3-factor,Direct missing-factor task exists; current values are small.,Design audit only; not mathematically verified,PS.MAT.G5.3.3,Retain source outcome; no automatic merge.,False,,Task-specific response contract,False
19,PS.MAT.G5.OA.3.4,PS.MAT.G5.3.4,Lesson 3:,"Missing Numbers in Addition, Subtraction, Multiplication, and Division",Find a missing minuend or subtrahend in an equation or number sentence.,Direct,g3-submissing,Both missing minuend and subtrahend are generated.,Design audit only; not mathematically verified,PS.MAT.G5.3.4,Retain source outcome; no automatic merge.,False,,Task-specific response contract,False
20,PS.MAT.G5.OA.3.5,PS.MAT.G5.3.5,Lesson 3:,"Missing Numbers in Addition, Subtraction, Multiplication, and Division",Find a missing divisor or dividend in an equation or number sentence.,Direct,g3-dividend; g3-divisor,Both missing dividend and divisor are generated.,Design audit only; not mathematically verified,PS.MAT.G5.3.5,Retain source outcome; no automatic merge.,False,,Task-specific response contract,False
21,PS.MAT.G5.NS.4.1,PS.MAT.G5.4.1,Lesson 4:,Number Line,Compare and order numbers on a number line.,Partial,g6-ordering,Number comparison exists without a number line; add plotted ordering/placement.,Design audit only; not mathematically verified,PS.MAT.G5.4.1,Retain source outcome; no automatic merge.,False,,Task-specific response contract,False
22,PS.MAT.G5.NS.4.2,PS.MAT.G5.4.2,Lesson 4:,Number Line,Use comparison symbols to compare numbers.,Direct,g4-compare; g6-compare,Comparison-symbol response exists for whole and signed rational numbers.,Design audit only; not mathematically verified,PS.MAT.G5.4.2,Retain source outcome; no automatic merge.,True,,Task-specific response contract,False
23,PS.MAT.G5.NS.4.3,PS.MAT.G5.4.3,Lesson 4:,Number Line,Add and subtract integers on a number line.,Partial,g7-intadd; g7-intsub,Integer arithmetic exists; required number-line representation is absent.,Design audit only; not mathematically verified,PS.MAT.G5.4.3,Retain source outcome; no automatic merge.,False,,Task-specific response contract,False
24,PS.MAT.G5.NBT.5.1,PS.MAT.G5.5.1,Lesson 5:,Place Value Through Hundred Trillions • Reading and Writing Whole Numbers,Identify the place value of digits in whole numbers to hundred trillions.,Partial,g4-place,Whole-number digit value stops at hundred-thousands; add place naming and extend through hundred trillions.,Design audit only; not mathematically verified,PS.MAT.G5.5.1,Retain source outcome; no automatic merge.,True,,Task-specific response contract,False
25,PS.MAT.G5.NBT.5.2,PS.MAT.G5.5.2,Lesson 5:,Place Value Through Hundred Trillions • Reading and Writing Whole Numbers,Write whole numbers in expanded notation.,Partial,g4-expand,Existing task converts expanded sums to a number; add reverse direction and required place-value range.,Design audit only; not mathematically verified,PS.MAT.G5.5.2,Retain source outcome; no automatic merge.,True,,Task-specific response contract,False
26,PS.MAT.G5.NBT.5.3,PS.MAT.G5.5.3,Lesson 5:,Place Value Through Hundred Trillions • Reading and Writing Whole Numbers,Read and write whole numbers through hundred trillions in word form.,Missing,,Add a generator and response contract for this exact task: Read and write whole numbers through hundred trillions in word form.,Design audit only; not mathematically verified,PS.MAT.G5.5.3,Retain source outcome; no automatic merge.,True,,Task-specific response contract,False
27,PS.MAT.G5.NBT.5.4,PS.MAT.G5.5.4,Lesson 5:,Place Value Through Hundred Trillions • Reading and Writing Whole Numbers,Use digits to express numbers through hundred trillions.,Missing,,Add a generator and response contract for this exact task: Use digits to express numbers through hundred trillions.,Design audit only; not mathematically verified,PS.MAT.G5.5.4,Retain source outcome; no automatic merge.,True,,Task-specific response contract,False
28,PS.MAT.G5.NBT.5.5,PS.MAT.G5.5.5,Lesson 5:,Place Value Through Hundred Trillions • Reading and Writing Whole Numbers,Identify the value of a digit in a given place value by multiplying the digit by its place value. ,Partial,g4-place,Whole-number digit value stops at hundred-thousands; add place naming and extend through hundred trillions.,Design audit only; not mathematically verified,PS.MAT.G5.5.5,Retain source outcome; no automatic merge.,False,,Task-specific response contract,False
29,PS.MAT.G5.OA.6.1,PS.MAT.G5.6.1,Lesson 6:,Factors • Divisibility,Identify all the factors of a number.,Partial,g4-prime,Counts factors rather than listing all factors; add factor-set response.,Design audit only; not mathematically verified,PS.MAT.G5.6.1,Retain source outcome; no automatic merge.,True,,Task-specific response contract,False
30,PS.MAT.G5.OA.6.2,PS.MAT.G5.6.2,Lesson 6:,Factors • Divisibility,Identify the greatest common factor (GCF) of two numbers.,Direct,g6-gcf,Direct GCF for two positive integers exists.,Design audit only; not mathematically verified,PS.MAT.G5.6.2,Retain source outcome; no automatic merge.,True,,Task-specific response contract,False
31,PS.MAT.G5.OA.6.3,PS.MAT.G5.6.3,Lesson 6:,Factors • Divisibility,"Test for the divisibility of 2, 3, 4, 5, 6, 8, 9, and 10 without performing the division.",Missing,,"Add a generator and response contract for this exact task: Test for the divisibility of 2, 3, 4, 5, 6, 8, 9, and 10 without performing the division.",Design audit only; not mathematically verified,PS.MAT.G5.6.3,Retain source outcome; no automatic merge.,True,"{""bank"": ""HA MA Saxon Course 1 08/English/C1_Section03.bnk"", ""bank_sha256"": ""36e030e81c66a731a27e663d50d8400dbec786a1219e83fc29028d4a2ae29600"", ""lesson_label"": ""Lesson 21: Divisibility"", ""decompressed_label_offset"": 4628, ""evidence_level"": ""Verified recovered lesson label only. Cross-course reference, not proof of exact 8/7 item equivalence or parameter bounds.""}",Task-specific response contract,False
32,PS.MAT.G5.G.7.1,PS.MAT.G5.7.1,Lesson 7:,Lines and Angles,"Identify figures with no dimensions and with one, two, and three dimensions.",Missing,,"Add a generator and response contract for this exact task: Identify figures with no dimensions and with one, two, and three dimensions.",Design audit only; not mathematically verified,PS.MAT.G5.7.1,Retain source outcome; no automatic merge.,True,,Task-specific response contract,False
33,PS.MAT.G5.G.7.2,PS.MAT.G5.7.2,Lesson 7:,Lines and Angles,"Define and use symbols to identify points, lines, rays, segments, and angles.",Missing,,"Add a generator and response contract for this exact task: Define and use symbols to identify points, lines, rays, segments, and angles.",Design audit only; not mathematically verified,PS.MAT.G5.7.2,Retain source outcome; no automatic merge.,False,,Task-specific response contract,False
34,PS.MAT.G5.G.7.3,PS.MAT.G5.7.3,Lesson 7:,Lines and Angles,"Identify two lines in a plane as parallel or intersecting, and if intersecting, then identify the lines as oblique or perpendicular.",Missing,,"Add a generator and response contract for this exact task: Identify two lines in a plane as parallel or intersecting, and if intersecting, then identify the lines as oblique or perpendicular.",Design audit only; not mathematically verified,PS.MAT.G5.7.3,Retain source outcome; no automatic merge.,False,,Task-specific response contract,False
35,PS.MAT.G5.G.7.4,PS.MAT.G5.7.4,Lesson 7:,Lines and Angles,"Classify angles by their size: acute, obtuse, right, or straight.",Missing,,"Add a generator and response contract for this exact task: Classify angles by their size: acute, obtuse, right, or straight.",Design audit only; not mathematically verified,PS.MAT.G5.7.4,Retain source outcome; no automatic merge.,True,"{""bank"": ""HA MA Saxon Course 1 08/English/C1_Section03.bnk"", ""bank_sha256"": ""36e030e81c66a731a27e663d50d8400dbec786a1219e83fc29028d4a2ae29600"", ""lesson_label"": ""Lesson 28: Angles"", ""decompressed_label_offset"": 111749, ""evidence_level"": ""Verified recovered lesson label only. Cross-course reference, not proof of exact 8/7 item equivalence or parameter bounds.""}",Task-specific response contract,False
36,PS.MAT.G5.NF.8.1,PS.MAT.G5.8.1,Lesson 8:,Fractions and Percents • Inch Ruler,Use fractions and percents to name a part of a whole.,Partial,g3-fraction; g6-represent,Verbal fraction-of-whole and percent conversion exist; add shared whole representation and requested naming variants.,Design audit only; not mathematically verified,PS.MAT.G5.8.1,Retain source outcome; no automatic merge.,True,,Task-specific response contract,False
37,PS.MAT.G5.NF.8.2,PS.MAT.G5.8.2,Lesson 8:,Fractions and Percents • Inch Ruler,Identify the parts of a fraction.,Missing,,Add a generator and response contract for this exact task: Identify the parts of a fraction.,Design audit only; not mathematically verified,PS.MAT.G5.8.2,Retain source outcome; no automatic merge.,False,,Task-specific response contract,False
38,PS.MAT.G5.NF.8.3,PS.MAT.G5.8.3,Lesson 8:,Fractions and Percents • Inch Ruler,Identify and represent a mixed number on a number line.,Missing,,Add a generator and response contract for this exact task: Identify and represent a mixed number on a number line.,Design audit only; not mathematically verified,PS.MAT.G5.8.3,Retain source outcome; no automatic merge.,False,,Task-specific response contract,False
39,PS.MAT.G5.RP.8.4,PS.MAT.G5.8.4,Lesson 8:,Fractions and Percents • Inch Ruler,Read and use percents greater than 100%.,Partial,g6-represent,Current percent conversion uses 1–99%; extend beyond 100%.,Design audit only; not mathematically verified,PS.MAT.G5.8.4,Retain source outcome; no automatic merge.,False,,Task-specific response contract,False
40,PS.MAT.G5.MD.8.5,PS.MAT.G5.8.5,Lesson 8:,Fractions and Percents • Inch Ruler,Use a ruler to measure and draw segments to the nearest sixteenth of an inch.,Missing,,Add a generator and response contract for this exact task: Use a ruler to measure and draw segments to the nearest sixteenth of an inch.,Design audit only; not mathematically verified,PS.MAT.G5.8.5,Retain source outcome; no automatic merge.,True,,Written/constructed response,False
41,PS.MAT.G5.MD.8.6,PS.MAT.G5.8.6,Lesson 8:,Fractions and Percents • Inch Ruler,Identify the precision of a measurement.,Missing,,Add a generator and response contract for this exact task: Identify the precision of a measurement.,Design audit only; not mathematically verified,PS.MAT.G5.8.6,Retain source outcome; no automatic merge.,False,,Task-specific response contract,False
42,PS.MAT.G5.NF.8.7,PS.MAT.G5.8.7,Lesson 8:,Fractions and Percents • Inch Ruler,Identify a fraction represented by a base ten diagram or other figure. ,Missing,,Add a generator and response contract for this exact task: Identify a fraction represented by a base ten diagram or other figure.,Design audit only; not mathematically verified,PS.MAT.G5.8.7,Retain source outcome; no automatic merge.,False,,Task-specific response contract,False
43,PS.MAT.G5.NF.9.1,PS.MAT.G5.9.1,Lesson 9:,"Adding, Subtracting, and Multiplying Fraction Reciprocals",Add fractions with the same denominator; add mixed numbers with the same denominator.,Partial,g4-fraction; g4-mixed,"Like-denominator fractions and mixed arithmetic exist; mixed skill combines addition/subtraction, requiring operation-specific targeting.",Design audit only; not mathematically verified,PS.MAT.G5.9.1,Retain source outcome; no automatic merge.,True,,Task-specific response contract,False
44,PS.MAT.G5.NF.9.2,PS.MAT.G5.9.2,Lesson 9:,"Adding, Subtracting, and Multiplying Fraction Reciprocals",Subtract fractions with the same denominator; subtract mixed numbers with the same denominator.,Partial,g4-fsub; g4-mixed,Like-denominator fractions and mixed arithmetic exist; isolate subtraction in mixed skill.,Design audit only; not mathematically verified,PS.MAT.G5.9.2,Retain source outcome; no automatic merge.,True,,Task-specific response contract,False
45,PS.MAT.G5.NF.9.3,PS.MAT.G5.9.3,Lesson 9:,"Adding, Subtracting, and Multiplying Fraction Reciprocals",Multiply fractions.,Direct,g5-fmul,Direct fraction multiplication exists.,Design audit only; not mathematically verified,PS.MAT.G5.9.3,Retain source outcome; no automatic merge.,True,,Task-specific response contract,False
46,PS.MAT.G5.NF.9.4,PS.MAT.G5.9.4,Lesson 9:,"Adding, Subtracting, and Multiplying Fraction Reciprocals",Find the reciprocals of numbers.,Missing,,Add a generator and response contract for this exact task: Find the reciprocals of numbers.,Design audit only; not mathematically verified,PS.MAT.G5.9.4,Retain source outcome; no automatic merge.,True,"{""bank"": ""HA MA Saxon Course 1 08/English/C1_Section03.bnk"", ""bank_sha256"": ""36e030e81c66a731a27e663d50d8400dbec786a1219e83fc29028d4a2ae29600"", ""lesson_label"": ""Lesson 30: Least Common Multiple (LCM); Reciprocals"", ""decompressed_label_offset"": 162034, ""evidence_level"": ""Verified recovered lesson label only. Cross-course reference, not proof of exact 8/7 item equivalence or parameter bounds.""}",Task-specific response contract,False
47,PS.MAT.G5.NF.9.5,PS.MAT.G5.9.5,Lesson 9:,"Adding, Subtracting, and Multiplying Fraction Reciprocals",Solve equations using the property that the product of a number and its reciprocal is 1.,Missing,,Add a generator and response contract for this exact task: Solve equations using the property that the product of a number and its reciprocal is 1.,Design audit only; not mathematically verified,PS.MAT.G5.9.5,Retain source outcome; no automatic merge.,False,,Task-specific response contract,False
48,PS.MAT.G5.NF.9.6,PS.MAT.G5.9.6,Lesson 9:,"Adding, Subtracting, and Multiplying Fraction Reciprocals","Use order of operations to simplify expressions involving addition, subtraction, and multiplication of fractions with different denominators.",Partial,g5-fadd; g5-fsub; g5-fmul,Operations exist separately; add a combined fraction-expression order-of-operations generator.,Design audit only; not mathematically verified,PS.MAT.G5.9.6,Retain source outcome; no automatic merge.,False,,Task-specific response contract,False
49,PS.MAT.G5.NF.10.1,PS.MAT.G5.10.1,Lesson 10:,Writing Division Answers as Mixed Numbers • Improper Fractions,Write division answers as mixed numbers.,Partial,g5-quotient,Fraction quotient present; explicit mixed-number answer generation/checking needs a contract.,Design audit only; not mathematically verified,PS.MAT.G5.10.1,Retain source outcome; no automatic merge.,False,,Task-specific response contract,False
50,PS.MAT.G5.NF.10.2,PS.MAT.G5.10.2,Lesson 10:,Writing Division Answers as Mixed Numbers • Improper Fractions,Identify improper fractions.,Missing,,Add a generator and response contract for this exact task: Identify improper fractions.,Design audit only; not mathematically verified,PS.MAT.G5.10.2,Retain source outcome; no automatic merge.,False,,Task-specific response contract,False
51,PS.MAT.G5.NF.10.3,PS.MAT.G5.10.3,Lesson 10:,Writing Division Answers as Mixed Numbers • Improper Fractions,Convert an improper fraction to either a whole number or a mixed number.,Partial,g3-wholefraction,Whole-number result for improper fractions present; general improper-to-mixed conversion absent.,Design audit only; not mathematically verified,PS.MAT.G5.10.3,Retain source outcome; no automatic merge.,True,"{""bank"": ""HA MA Saxon Math Int4 TXNL 08/English/Int4_Section11.bnk"", ""bank_sha256"": ""25515a14bc09ab4ffb3326125525ea6c39cb2cc39697df2c59d385743321bd57"", ""lesson_label"": ""Lesson 104: Changing Improper Fractions to Whole or Mixed Numbers"", ""decompressed_label_offset"": 65023, ""evidence_level"": ""Verified recovered lesson label only. Cross-course reference, not proof of exact 8/7 item equivalence or parameter bounds.""}",Task-specific response contract,False
52,PS.MAT.G5.NF.10.4,PS.MAT.G5.10.4,Lesson 10:,Writing Division Answers as Mixed Numbers • Improper Fractions,Rewrite a mixed number as an improper fraction.,Missing,,Add a generator and response contract for this exact task: Rewrite a mixed number as an improper fraction.,Design audit only; not mathematically verified,PS.MAT.G5.10.4,Retain source outcome; no automatic merge.,True,"{""bank"": ""HA MA Saxon Course 1 08/English/C1_Section07.bnk"", ""bank_sha256"": ""eecb8bcf197adcba7c6d311991c98d0b56e92b14d34762c7f1dab4fde75503d9"", ""lesson_label"": ""Lesson 62: Writing Mixed Numbers as Improper Fractions"", ""decompressed_label_offset"": 4628, ""evidence_level"": ""Verified recovered lesson label only. Cross-course reference, not proof of exact 8/7 item equivalence or parameter bounds.""}",Task-specific response contract,False
53,PS.MAT.G5.OA.11.1,PS.MAT.G5.11.1,Lesson 11:,Problems About Combining • Problems About Separating,Solve one-step story problems about combining.,Partial,g1-stories; N05,Related change/comparison stories exist at early-grade ranges; add separately selectable combining/separating/comparing structures and curriculum ranges.,Design audit only; not mathematically verified,PS.MAT.G5.11.1,Retain source outcome; no automatic merge.,True,,Task-specific response contract,False
54,PS.MAT.G5.OA.11.2,PS.MAT.G5.11.2,Lesson 11:,Problems About Combining • Problems About Separating,Write equations for story problems about combining.,Missing,,Add a generator and response contract for this exact task: Write equations for story problems about combining.,Design audit only; not mathematically verified,PS.MAT.G5.11.2,Retain source outcome; no automatic merge.,False,,Task-specific response contract,False
55,PS.MAT.G5.OA.11.3,PS.MAT.G5.11.3,Lesson 11:,Problems About Combining • Problems About Separating,Write story problems with addition patterns.,Missing,,Add a generator and response contract for this exact task: Write story problems with addition patterns.,Design audit only; not mathematically verified,PS.MAT.G5.11.3,Retain source outcome; no automatic merge.,False,,Written/constructed response,False
56,PS.MAT.G5.OA.11.4,PS.MAT.G5.11.4,Lesson 11:,Problems About Combining • Problems About Separating,Solve one-step story problems about separating.,Partial,g1-stories; N05,Related change/comparison stories exist at early-grade ranges; add separately selectable combining/separating/comparing structures and curriculum ranges.,Design audit only; not mathematically verified,PS.MAT.G5.11.4,Retain source outcome; no automatic merge.,True,,Task-specific response contract,False
57,PS.MAT.G5.OA.11.5,PS.MAT.G5.11.5,Lesson 11:,Problems About Combining • Problems About Separating,Write equations for story problems about separating.,Missing,,Add a generator and response contract for this exact task: Write equations for story problems about separating.,Design audit only; not mathematically verified,PS.MAT.G5.11.5,Retain source outcome; no automatic merge.,True,,Task-specific response contract,False
58,PS.MAT.G5.OA.11.6,PS.MAT.G5.11.6,Lesson 11:,Problems About Combining • Problems About Separating,Write story problems with subtraction patterns.,Missing,,Add a generator and response contract for this exact task: Write story problems with subtraction patterns.,Design audit only; not mathematically verified,PS.MAT.G5.11.6,Retain source outcome; no automatic merge.,False,,Written/constructed response,False
59,PS.MAT.G5.OA.12.1,PS.MAT.G5.12.1,Lesson 12:,Problems About Comparing • Elapsed-Time Problems,Solve one-step story problems about comparing.,Partial,g1-stories; N05,Related change/comparison stories exist at early-grade ranges; add separately selectable combining/separating/comparing structures and curriculum ranges.,Design audit only; not mathematically verified,PS.MAT.G5.12.1,Retain source outcome; no automatic merge.,False,,Task-specific response contract,False
60,PS.MAT.G5.OA.12.2,PS.MAT.G5.12.2,Lesson 12:,Problems About Comparing • Elapsed-Time Problems,Write equations for story problems about comparing.,Missing,,Add a generator and response contract for this exact task: Write equations for story problems about comparing.,Design audit only; not mathematically verified,PS.MAT.G5.12.2,Retain source outcome; no automatic merge.,False,,Task-specific response contract,False
61,PS.MAT.G5.OA.12.3,PS.MAT.G5.12.3,Lesson 12:,Problems About Comparing • Elapsed-Time Problems,Write story problems that are about comparing.,Missing,,Add a generator and response contract for this exact task: Write story problems that are about comparing.,Design audit only; not mathematically verified,PS.MAT.G5.12.3,Retain source outcome; no automatic merge.,False,,Written/constructed response,False
62,PS.MAT.G5.MD.12.4,PS.MAT.G5.12.4,Lesson 12:,Problems About Comparing • Elapsed-Time Problems,Solve one-step story problems about elapsed time.,Direct,g3-elapsed; g3-timeend; g3-timestart; g3-time-addsubtract,Duration/start/end one-step time contexts present; worksheet units and ranges need confirmation.,Design audit only; not mathematically verified,PS.MAT.G5.12.4,Retain source outcome; no automatic merge.,True,,Task-specific response contract,False
63,PS.MAT.G5.OA.13.1,PS.MAT.G5.13.1,Lesson 13:,Problems About Equal Groups,Solve one-step story problems about equal groups.,Direct,g3-groups; g3-sharing; g3-groupcount; g4-word,"Equal-groups total, group-size and group-count contexts present.",Design audit only; not mathematically verified,PS.MAT.G5.13.1,Retain source outcome; no automatic merge.,True,,Task-specific response contract,False
64,PS.MAT.G5.OA.13.2,PS.MAT.G5.13.2,Lesson 13:,Problems About Equal Groups,Write equations for story problems about equal groups.,Missing,,Add a generator and response contract for this exact task: Write equations for story problems about equal groups.,Design audit only; not mathematically verified,PS.MAT.G5.13.2,Retain source outcome; no automatic merge.,False,,Task-specific response contract,False
65,PS.MAT.G5.OA.13.3,PS.MAT.G5.13.3,Lesson 13:,Problems About Equal Groups,Write story problems about equal groups.,Missing,,Add a generator and response contract for this exact task: Write story problems about equal groups.,Design audit only; not mathematically verified,PS.MAT.G5.13.3,Retain source outcome; no automatic merge.,False,,Written/constructed response,False
66,PS.MAT.G5.NF.14.1,PS.MAT.G5.14.1,Lesson 14:,Problems About Parts of a Whole,Solve one-step story problems about parts of a whole.,Partial,g5-fmulword,Fraction-of-known-total context present; broaden unknown positions and curriculum contexts.,Design audit only; not mathematically verified,PS.MAT.G5.14.1,Retain source outcome; no automatic merge.,True,,Task-specific response contract,False
67,PS.MAT.G5.NF.14.2,PS.MAT.G5.14.2,Lesson 14:,Problems About Parts of a Whole,Write equations for story problems about parts of a whole.,Missing,,Add a generator and response contract for this exact task: Write equations for story problems about parts of a whole.,Design audit only; not mathematically verified,PS.MAT.G5.14.2,Retain source outcome; no automatic merge.,False,,Task-specific response contract,False
68,PS.MAT.G5.NF.14.3,PS.MAT.G5.14.3,Lesson 14:,Problems About Parts of a Whole,Write story problems about parts of a whole.,Missing,,Add a generator and response contract for this exact task: Write story problems about parts of a whole.,Design audit only; not mathematically verified,PS.MAT.G5.14.3,Retain source outcome; no automatic merge.,False,,Written/constructed response,False
69,PS.MAT.G5.NBT.14.4,PS.MAT.G5.14.4,Lesson 14:,Problems About Parts of a Whole,Solve multi-step word problems involving base ten blocks.,Missing,,Add a generator and response contract for this exact task: Solve multi-step word problems involving base ten blocks.,Design audit only; not mathematically verified,PS.MAT.G5.14.4,Retain source outcome; no automatic merge.,False,,Task-specific response contract,False
70,PS.MAT.G5.NF.15.1,PS.MAT.G5.15.1,Lesson 15:,Equivalent Fractions • Reducing Fractions,Form equivalent fractions by multiplying a fraction by fractions equal to 1.,Partial,g4-missingfraction,Equivalent-fraction missing numerator present; explicitly show/require multiplication by k/k when method is assessed.,Design audit only; not mathematically verified,PS.MAT.G5.15.1,Retain source outcome; no automatic merge.,True,,Task-specific response contract,False
71,PS.MAT.G5.NF.15.2,PS.MAT.G5.15.2,Lesson 15:,Equivalent Fractions • Reducing Fractions,Reduce a fraction to its lowest terms by dividing the fraction by a fraction equal to 1.,Partial,g4-equivalent,Reduced answer is generated; division by a fraction equal to one is not elicited as a method.,Design audit only; not mathematically verified,PS.MAT.G5.15.2,Retain source outcome; no automatic merge.,False,,Task-specific response contract,False
72,PS.MAT.G5.NF.15.3,PS.MAT.G5.15.3,Lesson 15:,Equivalent Fractions • Reducing Fractions,Given a fraction identify which fractions from a set are not equivalent.,Missing,,Add a generator and response contract for this exact task: Given a fraction identify which fractions from a set are not equivalent.,Design audit only; not mathematically verified,PS.MAT.G5.15.3,Retain source outcome; no automatic merge.,False,,Task-specific response contract,False
73,PS.MAT.G5.MD.16.1,PS.MAT.G5.16.1,Lesson 16:,U.S. Customary System,"Use the common equivalences in the U.S. Customary System to convert units of weight, length, and liquid measure.",Partial,g4-convert; g5-convert,Mixed conversion bank exists; add curriculum-specific unit filters and confirm complete customary/metric coverage.,Design audit only; not mathematically verified,PS.MAT.G5.16.1,Retain source outcome; no automatic merge.,True,,Task-specific response contract,False
74,PS.MAT.G5.MD.16.2,PS.MAT.G5.16.2,Lesson 16:,U.S. Customary System,"Make reasonable estimates of units of weight, length, liquid measure, and temperature in the U.S. Customary System.",Missing,,"Add a generator and response contract for this exact task: Make reasonable estimates of units of weight, length, liquid measure, and temperature in the U.S. Customary System.",Design audit only; not mathematically verified,PS.MAT.G5.16.2,Retain source outcome; no automatic merge.,True,,Task-specific response contract,False
75,PS.MAT.G5.MD.16.3,PS.MAT.G5.16.3,Lesson 16:,U.S. Customary System,Identify what percent of a given US customary unit another customary unit represents.,Partial,g5-convert; g6-percentrate,Unit conversion and percent-rate tasks separate; add percentage-of-unit task.,Design audit only; not mathematically verified,PS.MAT.G5.16.3,Retain source outcome; no automatic merge.,False,,Task-specific response contract,False
76,PS.MAT.G5.G.17.1,PS.MAT.G5.17.1,Lesson 17:,Measuring Angles with a Protractor,Measure an angle in degrees.,Missing,,Add a generator and response contract for this exact task: Measure an angle in degrees.,Design audit only; not mathematically verified,PS.MAT.G5.17.1,Retain source outcome; no automatic merge.,True,"{""bank"": ""HA MA Saxon Course 1 08/English/C1_Section03.bnk"", ""bank_sha256"": ""36e030e81c66a731a27e663d50d8400dbec786a1219e83fc29028d4a2ae29600"", ""lesson_label"": ""Investigation 3: Measuring and Drawing Angles with a Protractor"", ""decompressed_label_offset"": 189881, ""evidence_level"": ""Verified recovered lesson label only. Cross-course reference, not proof of exact 8/7 item equivalence or parameter bounds.""}",Task-specific response contract,False
77,PS.MAT.G5.G.17.2,PS.MAT.G5.17.2,Lesson 17:,Measuring Angles with a Protractor,"Identify acute, right, obtuse, and straight angles by their measure.",Missing,,"Add a generator and response contract for this exact task: Identify acute, right, obtuse, and straight angles by their measure.",Design audit only; not mathematically verified,PS.MAT.G5.17.2,Retain source outcome; no automatic merge.,False,,Task-specific response contract,False
78,PS.MAT.G5.G.17.3,PS.MAT.G5.17.3,Lesson 17:,Measuring Angles with a Protractor,Use a protractor to measure degrees and draw angles of specified degrees.,Missing,,Add a generator and response contract for this exact task: Use a protractor to measure degrees and draw angles of specified degrees.,Design audit only; not mathematically verified,PS.MAT.G5.17.3,Retain source outcome; no automatic merge.,True,"{""bank"": ""HA MA Saxon Course 1 08/English/C1_Section03.bnk"", ""bank_sha256"": ""36e030e81c66a731a27e663d50d8400dbec786a1219e83fc29028d4a2ae29600"", ""lesson_label"": ""Investigation 3: Measuring and Drawing Angles with a Protractor"", ""decompressed_label_offset"": 189881, ""evidence_level"": ""Verified recovered lesson label only. Cross-course reference, not proof of exact 8/7 item equivalence or parameter bounds.""}",Written/constructed response,False
79,PS.MAT.G5.G.17.4,PS.MAT.G5.17.4,Lesson 17:,Measuring Angles with a Protractor,"Given a fraction of a circle, identify the equivalent corresponding percentage or degree measure. ",Missing,,"Add a generator and response contract for this exact task: Given a fraction of a circle, identify the equivalent corresponding percentage or degree measure.",Design audit only; not mathematically verified,PS.MAT.G5.17.4,Retain source outcome; no automatic merge.,False,,Task-specific response contract,False
80,PS.MAT.G5.G.18.1,PS.MAT.G5.18.1,Lesson 18:,Polygons • Similar and Congruent,Name a polygon by the number of its sides.,Missing,,Add a generator and response contract for this exact task: Name a polygon by the number of its sides.,Design audit only; not mathematically verified,PS.MAT.G5.18.1,Retain source outcome; no automatic merge.,True,,Task-specific response contract,False
81,PS.MAT.G5.G.18.2,PS.MAT.G5.18.2,Lesson 18:,Polygons • Similar and Congruent,Identify a polygon by naming the letters of its vertices.,Missing,,Add a generator and response contract for this exact task: Identify a polygon by naming the letters of its vertices.,Design audit only; not mathematically verified,PS.MAT.G5.18.2,Retain source outcome; no automatic merge.,False,,Task-specific response contract,False
82,PS.MAT.G5.G.18.3,PS.MAT.G5.18.3,Lesson 18:,Polygons • Similar and Congruent,Identify regular and irregular polygons.,Missing,,Add a generator and response contract for this exact task: Identify regular and irregular polygons.,Design audit only; not mathematically verified,PS.MAT.G5.18.3,Retain source outcome; no automatic merge.,False,,Task-specific response contract,False
83,PS.MAT.G5.G.18.4,PS.MAT.G5.18.4,Lesson 18:,Polygons • Similar and Congruent,Identify similar figures by comparing their corresponding parts.,Missing,,Add a generator and response contract for this exact task: Identify similar figures by comparing their corresponding parts.,Design audit only; not mathematically verified,PS.MAT.G5.18.4,Retain source outcome; no automatic merge.,True,,Task-specific response contract,False
84,PS.MAT.G5.G.18.5,PS.MAT.G5.18.5,Lesson 18:,Polygons • Similar and Congruent,Identify congruent figures by comparing their corresponding parts.,Missing,,Add a generator and response contract for this exact task: Identify congruent figures by comparing their corresponding parts.,Design audit only; not mathematically verified,PS.MAT.G5.18.5,Retain source outcome; no automatic merge.,True,,Task-specific response contract,False
85,PS.MAT.G5.G.18.6,PS.MAT.G5.18.6,Lesson 18:,Polygons • Similar and Congruent,Identify if a statement about two similar polygons is true or false.,Missing,,Add a generator and response contract for this exact task: Identify if a statement about two similar polygons is true or false.,Design audit only; not mathematically verified,PS.MAT.G5.18.6,Retain source outcome; no automatic merge.,False,,Task-specific response contract,False
86,PS.MAT.G5.MD.19.1,PS.MAT.G5.19.1,Lesson 19:,Perimeter,Find the perimeter of a polygon.,Partial,g3-geo-triangle-perimeter; g3-geo-quadrilateral-perimeter; g6-geo-trapezoid-perimeter,Several polygon types present; add general n-sided and irregular/compound polygon coverage.,Design audit only; not mathematically verified,PS.MAT.G5.19.1,Retain source outcome; no automatic merge.,True,,Task-specific response contract,False
87,PS.MAT.G5.MD.19.2,PS.MAT.G5.19.2,Lesson 19:,Perimeter,Find the length of each side of a regular polygon when its perimeter is known.,Partial,g4-geo-square-missing-perimeter; g6-geo-rhombus-missing-perimeter,Equal-side quadrilateral cases present; extend to regular n-gons.,Design audit only; not mathematically verified,PS.MAT.G5.19.2,Retain source outcome; no automatic merge.,False,,Task-specific response contract,False
88,PS.MAT.G5.EE.20.1,PS.MAT.G5.20.1,Lesson 20:,"Exponents • Rectangular Area, Part 1 • Square Root",Use exponents to show repeated multiplication.,Missing,,Add a generator and response contract for this exact task: Use exponents to show repeated multiplication.,Design audit only; not mathematically verified,PS.MAT.G5.20.1,Retain source outcome; no automatic merge.,False,,Task-specific response contract,False
89,PS.MAT.G5.EE.20.2,PS.MAT.G5.20.2,Lesson 20:,"Exponents • Rectangular Area, Part 1 • Square Root",Use words to show how an exponential expression is read.,Missing,,Add a generator and response contract for this exact task: Use words to show how an exponential expression is read.,Design audit only; not mathematically verified,PS.MAT.G5.20.2,Retain source outcome; no automatic merge.,False,,Task-specific response contract,False
90,PS.MAT.G5.EE.20.3,PS.MAT.G5.20.3,Lesson 20:,"Exponents • Rectangular Area, Part 1 • Square Root",Find the value of an exponential expression.,Direct,g6-exponents,Direct positive integer exponent evaluation exists; broader exponents are separate outcomes.,Design audit only; not mathematically verified,PS.MAT.G5.20.3,Retain source outcome; no automatic merge.,True,,Task-specific response contract,False
91,PS.MAT.G5.MD.20.4,PS.MAT.G5.20.4,Lesson 20:,"Exponents • Rectangular Area, Part 1 • Square Root",Use exponents to indicate units that have been multiplied.,Missing,,Add a generator and response contract for this exact task: Use exponents to indicate units that have been multiplied.,Design audit only; not mathematically verified,PS.MAT.G5.20.4,Retain source outcome; no automatic merge.,False,,Task-specific response contract,False
92,PS.MAT.G5.MD.20.5,PS.MAT.G5.20.5,Lesson 20:,"Exponents • Rectangular Area, Part 1 • Square Root",Distinguish between a unit of length and a unit of area.,Missing,,Add a generator and response contract for this exact task: Distinguish between a unit of length and a unit of area.,Design audit only; not mathematically verified,PS.MAT.G5.20.5,Retain source outcome; no automatic merge.,False,,Task-specific response contract,False
93,PS.MAT.G5.MD.20.6,PS.MAT.G5.20.6,Lesson 20:,"Exponents • Rectangular Area, Part 1 • Square Root",Find the area of a rectangle using the formula A = l × w.,Direct,g3-geo-rectangle-area,Direct rectangle area generator exists.,Design audit only; not mathematically verified,PS.MAT.G5.20.6,Retain source outcome; no automatic merge.,False,,Task-specific response contract,False
94,PS.MAT.G5.MD.20.7,PS.MAT.G5.20.7,Lesson 20:,"Exponents • Rectangular Area, Part 1 • Square Root",Find the length of a square when given the area of the square.,Direct,g4-geo-square-missing-area,Direct square side from area exists.,Design audit only; not mathematically verified,PS.MAT.G5.20.7,Retain source outcome; no automatic merge.,False,,Task-specific response contract,False
95,PS.MAT.G5.NS.20.8,PS.MAT.G5.20.8,Lesson 20:,"Exponents • Rectangular Area, Part 1 • Square Root",Find the square root of a perfect square.,Partial,g4-geo-square-missing-area,Square-root calculation embedded in square-area context; add explicit square-root notation task.,Design audit only; not mathematically verified,PS.MAT.G5.20.8,Retain source outcome; no automatic merge.,False,,Task-specific response contract,False
96,PS.MAT.G5.EE.20.9,PS.MAT.G5.20.9,Lesson 20:,"Exponents • Rectangular Area, Part 1 • Square Root",Use the product rule to simplify exponential expressions. ,Missing,,Add a generator and response contract for this exact task: Use the product rule to simplify exponential expressions.,Design audit only; not mathematically verified,PS.MAT.G5.20.9,Retain source outcome; no automatic merge.,False,,Task-specific response contract,False
97,PS.MAT.G5.EE.20.10,PS.MAT.G5.20.10,Lesson 20:,"Exponents • Rectangular Area, Part 1 • Square Root",Use the quotient rule to simplify exponential expressions. ,Missing,,Add a generator and response contract for this exact task: Use the quotient rule to simplify exponential expressions.,Design audit only; not mathematically verified,PS.MAT.G5.20.10,Retain source outcome; no automatic merge.,False,,Task-specific response contract,False
98,PS.MAT.G5.MD.20.11,PS.MAT.G5.20.11,Lesson 20:,"Exponents • Rectangular Area, Part 1 • Square Root",Find the area of a square when given the perimeter. ,Partial,g3-geo-square-area; g4-geo-square-missing-perimeter,Component skills exist; add one item combining perimeter-to-side-to-area.,Design audit only; not mathematically verified,PS.MAT.G5.20.11,Retain source outcome; no automatic merge.,False,,Task-specific response contract,False
99,PS.MAT.G5.NS.20.12,PS.MAT.G5.20.12,Lesson 20:,"Exponents • Rectangular Area, Part 1 • Square Root",Find the square root of a fraction whose numerators and denominators are perfect squares.,Missing,,Add a generator and response contract for this exact task: Find the square root of a fraction whose numerators and denominators are perfect squares.,Design audit only; not mathematically verified,PS.MAT.G5.20.12,Retain source outcome; no automatic merge.,False,,Task-specific response contract,False
100,PS.MAT.G5.OA.21.1,PS.MAT.G5.21.1,Lesson 21:,Prime and Composite Numbers • Prime Factorization,Identify and list prime numbers.,Partial,g4-prime,Factor-count prompt gives prime definition; does not directly classify/list prime or composite numbers.,Design audit only; not mathematically verified,PS.MAT.G5.21.1,Retain source outcome; no automatic merge.,False,,Task-specific response contract,False
101,PS.MAT.G5.OA.21.2,PS.MAT.G5.21.2,Lesson 21:,Prime and Composite Numbers • Prime Factorization,Identify and list composite numbers.,Partial,g4-prime,Factor-count prompt gives prime definition; does not directly classify/list prime or composite numbers.,Design audit only; not mathematically verified,PS.MAT.G5.21.2,Retain source outcome; no automatic merge.,False,,Task-specific response contract,False
102,PS.MAT.G5.OA.21.3,PS.MAT.G5.21.3,Lesson 21:,Prime and Composite Numbers • Prime Factorization,Write the prime factorization of a composite number.,Missing,,Add a generator and response contract for this exact task: Write the prime factorization of a composite number.,Design audit only; not mathematically verified,PS.MAT.G5.21.3,Retain source outcome; no automatic merge.,False,"{""bank"": ""HA MA Saxon Course 1 08/English/C1_Section07.bnk"", ""bank_sha256"": ""eecb8bcf197adcba7c6d311991c98d0b56e92b14d34762c7f1dab4fde75503d9"", ""lesson_label"": ""Lesson 65: Prime Factorization; Division by Primes; Factor Trees"", ""decompressed_label_offset"": 19164, ""evidence_level"": ""Verified recovered lesson label only. Cross-course reference, not proof of exact 8/7 item equivalence or parameter bounds.""}",Task-specific response contract,False
103,PS.MAT.G5.OA.21.4,PS.MAT.G5.21.4,Lesson 21:,Prime and Composite Numbers • Prime Factorization,Use a factor tree to factor composite numbers.,Missing,,Add a generator and response contract for this exact task: Use a factor tree to factor composite numbers.,Design audit only; not mathematically verified,PS.MAT.G5.21.4,Retain source outcome; no automatic merge.,False,"{""bank"": ""HA MA Saxon Course 1 08/English/C1_Section07.bnk"", ""bank_sha256"": ""eecb8bcf197adcba7c6d311991c98d0b56e92b14d34762c7f1dab4fde75503d9"", ""lesson_label"": ""Lesson 65: Prime Factorization; Division by Primes; Factor Trees"", ""decompressed_label_offset"": 19164, ""evidence_level"": ""Verified recovered lesson label only. Cross-course reference, not proof of exact 8/7 item equivalence or parameter bounds.""}",Task-specific response contract,False
104,PS.MAT.G5.OA.21.5,PS.MAT.G5.21.5,Lesson 21:,Prime and Composite Numbers • Prime Factorization,Use division by primes to factor composite numbers.,Missing,,Add a generator and response contract for this exact task: Use division by primes to factor composite numbers.,Design audit only; not mathematically verified,PS.MAT.G5.21.5,Retain source outcome; no automatic merge.,False,"{""bank"": ""HA MA Saxon Course 1 08/English/C1_Section07.bnk"", ""bank_sha256"": ""eecb8bcf197adcba7c6d311991c98d0b56e92b14d34762c7f1dab4fde75503d9"", ""lesson_label"": ""Lesson 65: Prime Factorization; Division by Primes; Factor Trees"", ""decompressed_label_offset"": 19164, ""evidence_level"": ""Verified recovered lesson label only. Cross-course reference, not proof of exact 8/7 item equivalence or parameter bounds.""}",Task-specific response contract,False
105,PS.MAT.G5.OA.21.6,PS.MAT.G5.21.6,Lesson 21:,Prime and Composite Numbers • Prime Factorization,Identify the sum of all prime numbers between two other given numbers. ,Missing,,Add a generator and response contract for this exact task: Identify the sum of all prime numbers between two other given numbers.,Design audit only; not mathematically verified,PS.MAT.G5.21.6,Retain source outcome; no automatic merge.,False,,Task-specific response contract,False
106,PS.MAT.G5.NF.22.1,PS.MAT.G5.22.1,Lesson 22:,Problems About a Fraction of a Group,Use a diagram to solve problems about a fraction of a group.,Partial,g5-fmulword,Fraction-of-group computation exists; required diagram method absent.,Design audit only; not mathematically verified,PS.MAT.G5.22.1,Retain source outcome; no automatic merge.,False,,Task-specific response contract,False
107,PS.MAT.G5.RP.22.2,PS.MAT.G5.22.2,Lesson 22:,Problems About a Fraction of a Group,Change a percent to a fraction before solving a problem about a percent of a group.,Partial,g6-percent; g6-represent,Percent of quantity and percent-to-fraction exist separately; require conversion step in one task.,Design audit only; not mathematically verified,PS.MAT.G5.22.2,Retain source outcome; no automatic merge.,False,,Task-specific response contract,False
108,PS.MAT.G5.NF.23.1,PS.MAT.G5.23.1,Lesson 23:,Subtracting Mixed Numbers with Regrouping,Subtract mixed numbers that require regrouping.,Partial,g4-mixed; g5-mixed,Some subtraction cases require regrouping; current mixed generator does not guarantee subtraction with regrouping.,Design audit only; not mathematically verified,PS.MAT.G5.23.1,Retain source outcome; no automatic merge.,False,"{""bank"": ""HA MA Saxon Course 1 08/English/C1_Section05.bnk"", ""bank_sha256"": ""c67cd22e9a9c20c0693f38b1003c08036156a7bd395106d32511f8eaa2b7dcd8"", ""lesson_label"": ""Lesson 48: Subtracting Mixed Numbers with Regrouping, Part 1"", ""decompressed_label_offset"": 50943, ""evidence_level"": ""Verified recovered lesson label only. Cross-course reference, not proof of exact 8/7 item equivalence or parameter bounds.""}",Task-specific response contract,False
109,PS.MAT.G5.NF.23.2,PS.MAT.G5.23.2,Lesson 23:,Subtracting Mixed Numbers with Regrouping,Subtract a mixed number from a whole number.,Partial,g4-mixed,Current first operand includes a nonzero fraction; add whole-number minus mixed-number form.,Design audit only; not mathematically verified,PS.MAT.G5.23.2,Retain source outcome; no automatic merge.,False,"{""bank"": ""HA MA Saxon Course 1 08/English/C1_Section04.bnk"", ""bank_sha256"": ""53b71ca3192df91c23438144a76c5a91383cfc31c8f1b00cffbadf5e05d64e54"", ""lesson_label"": ""Lesson 36: Subtracting Fractions and Mixed Numbers from Whole Numbers"", ""decompressed_label_offset"": 38991, ""evidence_level"": ""Verified recovered lesson label only. Cross-course reference, not proof of exact 8/7 item equivalence or parameter bounds.""}",Task-specific response contract,False
110,PS.MAT.G5.NF.24.1,PS.MAT.G5.24.1,Lesson 24:,"Reducing Fractions, Part 2",Use prime factorization to reduce fractions.,Partial,g4-equivalent,Reduction exists; prime-factorization method not generated/checked.,Design audit only; not mathematically verified,PS.MAT.G5.24.1,Retain source outcome; no automatic merge.,False,"{""bank"": ""HA MA Saxon Course 1 08/English/C1_Section07.bnk"", ""bank_sha256"": ""eecb8bcf197adcba7c6d311991c98d0b56e92b14d34762c7f1dab4fde75503d9"", ""lesson_label"": ""Lesson 67: Using Prime Factorization to Reduce Fractions"", ""decompressed_label_offset"": 103518, ""evidence_level"": ""Verified recovered lesson label only. Cross-course reference, not proof of exact 8/7 item equivalence or parameter bounds.""}",Task-specific response contract,False
111,PS.MAT.G5.OA.24.2,PS.MAT.G5.24.2,Lesson 24:,"Reducing Fractions, Part 2",Find the greatest common factor of two numbers.,Direct,g6-gcf,Direct GCF for two positive integers exists.,Design audit only; not mathematically verified,PS.MAT.G5.6.2,Proposed same assessment outcome as PS.MAT.G5.OA.6.2; preserve both lesson links.,False,,Task-specific response contract,False
112,PS.MAT.G5.NF.25.1,PS.MAT.G5.25.1,Lesson 25:,Dividing Fractions,Use the answer to how many fractional parts are in 1 to find the answer to how many fractional parts are in a multiple of 1 or a fractional part of 1.,Partial,g5-divfrac; g5-unitdiv; g6-fdiv,Unit-fraction quotient and general fraction division exist; add non-unit whole/fraction and explicit fractional-parts interpretation.,Design audit only; not mathematically verified,PS.MAT.G5.25.1,Retain source outcome; no automatic merge.,False,,Task-specific response contract,False
113,PS.MAT.G5.NF.25.2,PS.MAT.G5.25.2,Lesson 25:,Dividing Fractions,Divide a whole number by a fraction.,Partial,g5-divfrac; g5-unitdiv; g6-fdiv,Unit-fraction quotient and general fraction division exist; add non-unit whole/fraction and explicit fractional-parts interpretation.,Design audit only; not mathematically verified,PS.MAT.G5.25.2,Retain source outcome; no automatic merge.,True,,Task-specific response contract,False
114,PS.MAT.G5.NF.25.3,PS.MAT.G5.25.3,Lesson 25:,Dividing Fractions,Divide a fraction by a fraction. ,Direct,g6-fdiv,Direct fraction divided by fraction exists.,Design audit only; not mathematically verified,PS.MAT.G5.25.3,Retain source outcome; no automatic merge.,False,,Task-specific response contract,False
115,PS.MAT.G5.NF.26.1,PS.MAT.G5.26.1,Lesson 26:,Multiplying and Dividing Mixed Numbers,Rewrite mixed numbers as improper fractions before multiplying or dividing.,Partial,g5-fmul; g6-fdiv,Fraction operations exist; mixed input conversion step missing.,Design audit only; not mathematically verified,PS.MAT.G5.26.1,Retain source outcome; no automatic merge.,False,"{""bank"": ""HA MA Saxon Course 1 08/English/C1_Section07.bnk"", ""bank_sha256"": ""eecb8bcf197adcba7c6d311991c98d0b56e92b14d34762c7f1dab4fde75503d9"", ""lesson_label"": ""Lesson 66: Multiplying Mixed Numbers"", ""decompressed_label_offset"": 98122, ""evidence_level"": ""Verified recovered lesson label only. Cross-course reference, not proof of exact 8/7 item equivalence or parameter bounds.""}",Task-specific response contract,False
116,PS.MAT.G5.OA.27.1,PS.MAT.G5.27.1,Lesson 27:,Multiples • Least Common Multiple • Equivalent Division Problems,List the multiples of a number.,Partial,g4-multiples,Finds kth multiple; add list response.,Design audit only; not mathematically verified,PS.MAT.G5.27.1,Retain source outcome; no automatic merge.,False,,Task-specific response contract,False
117,PS.MAT.G5.OA.27.2,PS.MAT.G5.27.2,Lesson 27:,Multiples • Least Common Multiple • Equivalent Division Problems,Find the common multiples of two or more numbers.,Partial,g6-lcm,Two-number LCM final-answer generator exists; list/common-multiple/prime-factorization methods and 3+ operands need support.,Design audit only; not mathematically verified,PS.MAT.G5.27.2,Retain source outcome; no automatic merge.,False,,Task-specific response contract,False
118,PS.MAT.G5.OA.27.3,PS.MAT.G5.27.3,Lesson 27:,Multiples • Least Common Multiple • Equivalent Division Problems,Find the least common multiple (LCM) of two or more numbers by listing multiples.,Partial,g6-lcm,Two-number LCM final-answer generator exists; list/common-multiple/prime-factorization methods and 3+ operands need support.,Design audit only; not mathematically verified,PS.MAT.G5.27.3,Retain source outcome; no automatic merge.,False,,Task-specific response contract,False
119,PS.MAT.G5.OA.27.4,PS.MAT.G5.27.4,Lesson 27:,Multiples • Least Common Multiple • Equivalent Division Problems,Find the least common multiple (LCM) of two or more numbers by using prime factorization.,Partial,g6-lcm,Two-number LCM final-answer generator exists; list/common-multiple/prime-factorization methods and 3+ operands need support.,Design audit only; not mathematically verified,PS.MAT.G5.27.4,Retain source outcome; no automatic merge.,False,,Task-specific response contract,False
120,PS.MAT.G5.NBT.27.5,PS.MAT.G5.27.5,Lesson 27:,Multiples • Least Common Multiple • Equivalent Division Problems,Form an equivalent division problem and mentally calculate its quotient.,Partial,g6-longdiv,Division computation exists; equivalent-division transformation and mental method not elicited.,Design audit only; not mathematically verified,PS.MAT.G5.27.5,Retain source outcome; no automatic merge.,False,,Task-specific response contract,False
121,PS.MAT.G5.SP.28.1,PS.MAT.G5.28.1,Lesson 28:,"Two-Step Word Problems • Average, Part 1",Solve word problems that require more than one step.,Direct,g3-two-step; g4-multistep; g7-rationalword,Multi-step story tasks exist; broaden contextual variety after curriculum review.,Design audit only; not mathematically verified,PS.MAT.G5.28.1,Retain source outcome; no automatic merge.,True,,Task-specific response contract,False
122,PS.MAT.G5.SP.28.2,PS.MAT.G5.28.2,Lesson 28:,"Two-Step Word Problems • Average, Part 1","Calculate the average, or mean, of a list of numbers.",Missing,,"Add a generator and response contract for this exact task: Calculate the average, or mean, of a list of numbers.",Design audit only; not mathematically verified,PS.MAT.G5.28.2,Retain source outcome; no automatic merge.,True,"{""bank"": ""HA MA Saxon Math Int4 TXNL 08/English/Int4_Section10.bnk"", ""bank_sha256"": ""5e5aa023e8bcb4a4c1a861d20738d86c3589663f81f36cae0e2ee68979f58f57"", ""lesson_label"": ""Lesson 97: Mean, Median, Range, and Mode"", ""decompressed_label_offset"": 103350, ""evidence_level"": ""Verified recovered lesson label only. Cross-course reference, not proof of exact 8/7 item equivalence or parameter bounds.""}",Task-specific response contract,False
123,PS.MAT.G5.NBT.29.1,PS.MAT.G5.29.1,Lesson 29:,Rounding Whole Numbers • Rounding Mixed Numbers • Estimating Answers,Round a whole number to the nearest ten or hundred using either a number line or the 4-5 split strategy.,Partial,g3-round10; g3-round100,Correct rounding task exists; named strategy/number-line method is not elicited.,Design audit only; not mathematically verified,PS.MAT.G5.29.1,Retain source outcome; no automatic merge.,False,,Task-specific response contract,False
124,PS.MAT.G5.NF.29.2,PS.MAT.G5.29.2,Lesson 29:,Rounding Whole Numbers • Rounding Mixed Numbers • Estimating Answers,Round a mixed number to the nearest whole number.,Partial,g5-festimate,Rounds proper fractions within a sum; no direct mixed-to-whole rounding prompt.,Design audit only; not mathematically verified,PS.MAT.G5.29.2,Retain source outcome; no automatic merge.,False,,Task-specific response contract,False
125,PS.MAT.G5.NBT.29.3,PS.MAT.G5.29.3,Lesson 29:,Rounding Whole Numbers • Rounding Mixed Numbers • Estimating Answers,Estimate answers to arithmetic problems by rounding numbers before calculating.,Partial,g5-festimate,Fraction sum estimation exists; add whole/decimal arithmetic estimation and other operations.,Design audit only; not mathematically verified,PS.MAT.G5.29.3,Retain source outcome; no automatic merge.,False,,Task-specific response contract,False
126,PS.MAT.G5.NF.30.1,PS.MAT.G5.30.1,Lesson 30:,Common Denominators • Adding and Subtracting Fractions with Different Denominators,Rename fractions so that they have common denominators.,Partial,g4-missingfraction,Single equivalent fraction exists; add paired common-denominator output.,Design audit only; not mathematically verified,PS.MAT.G5.30.1,Retain source outcome; no automatic merge.,False,,Task-specific response contract,False
127,PS.MAT.G5.NF.30.2,PS.MAT.G5.30.2,Lesson 30:,Common Denominators • Adding and Subtracting Fractions with Different Denominators,Compare fractions with different denominators.,Direct,g4-fcompare,Unlike-denominator fraction comparison exists.,Design audit only; not mathematically verified,PS.MAT.G5.30.2,Retain source outcome; no automatic merge.,False,,Task-specific response contract,False
128,PS.MAT.G5.NF.30.3,PS.MAT.G5.30.3,Lesson 30:,Common Denominators • Adding and Subtracting Fractions with Different Denominators,Add and subtract fractions with different denominators.,Direct,g5-fadd; g5-fsub,Separate unlike-denominator addition and subtraction generators exist.,Design audit only; not mathematically verified,PS.MAT.G5.30.3,Retain source outcome; no automatic merge.,True,,Task-specific response contract,False
129,PS.MAT.G5.NBT.31.1,PS.MAT.G5.31.1,Lesson 31:,Reading and Writing Decimal Numbers,Name parts of a whole using decimal fractions.,Partial,g4-decimal,Fraction-to-decimal text exists; part-whole representation needs explicit task.,Design audit only; not mathematically verified,PS.MAT.G5.31.1,Retain source outcome; no automatic merge.,False,,Task-specific response contract,False
130,PS.MAT.G5.NF.31.2,PS.MAT.G5.31.2,Lesson 31:,Reading and Writing Decimal Numbers,Write a decimal as a fraction.,Direct,g4-dectofrac,Decimal-to-reduced-fraction task exists within hundredths range.,Design audit only; not mathematically verified,PS.MAT.G5.31.2,Retain source outcome; no automatic merge.,False,,Task-specific response contract,False
131,PS.MAT.G5.NBT.31.3,PS.MAT.G5.31.3,Lesson 31:,Reading and Writing Decimal Numbers,Identify the place values to the right of the decimal point.,Partial,g5-place,Digit-value task exists; add naming of decimal places where required.,Design audit only; not mathematically verified,PS.MAT.G5.31.3,Retain source outcome; no automatic merge.,False,,Task-specific response contract,False
132,PS.MAT.G5.NBT.31.4,PS.MAT.G5.31.4,Lesson 31:,Reading and Writing Decimal Numbers,Read and write a decimal number.,Partial,g5-place; g4-decimal,Related digit values/conversions exist; reading and writing decimal word form missing.,Design audit only; not mathematically verified,PS.MAT.G5.31.4,Retain source outcome; no automatic merge.,False,,Task-specific response contract,False
133,PS.MAT.G5.MD.32.1,PS.MAT.G5.32.1,Lesson 32:,Metric System,Recognize the metric system as a decimal system.,Missing,,Add a generator and response contract for this exact task: Recognize the metric system as a decimal system.,Design audit only; not mathematically verified,PS.MAT.G5.32.1,Retain source outcome; no automatic merge.,False,,Task-specific response contract,False
134,PS.MAT.G5.MD.32.2,PS.MAT.G5.32.2,Lesson 32:,Metric System,Convert between units of measure within the metric system.,Partial,g4-convert; g5-convert,Mixed conversion bank exists; add curriculum-specific unit filters and confirm complete customary/metric coverage.,Design audit only; not mathematically verified,PS.MAT.G5.32.2,Retain source outcome; no automatic merge.,False,,Task-specific response contract,False
135,PS.MAT.G5.MD.32.3,PS.MAT.G5.32.3,Lesson 32:,Metric System,"Use metric prefixes with the basic units of length (meter), capacity (liter), and mass (gram).",Missing,,"Add a generator and response contract for this exact task: Use metric prefixes with the basic units of length (meter), capacity (liter), and mass (gram).",Design audit only; not mathematically verified,PS.MAT.G5.32.3,Retain source outcome; no automatic merge.,False,,Task-specific response contract,False
136,PS.MAT.G5.MD.32.4,PS.MAT.G5.32.4,Lesson 32:,Metric System,Compare temperatures given in Celsius with those given in Fahrenheit.,Missing,,Add a generator and response contract for this exact task: Compare temperatures given in Celsius with those given in Fahrenheit.,Design audit only; not mathematically verified,PS.MAT.G5.32.4,Retain source outcome; no automatic merge.,False,,Task-specific response contract,False
137,PS.MAT.G5.NBT.33.1,PS.MAT.G5.33.1,Lesson 33:,Comparing Decimals • Rounding Decimals,Compare decimal numbers.,Direct,g4-deccompare; g5-deccompare,Decimal comparisons through thousandths exist.,Design audit only; not mathematically verified,PS.MAT.G5.33.1,Retain source outcome; no automatic merge.,True,,Task-specific response contract,False
138,PS.MAT.G5.NBT.33.2,PS.MAT.G5.33.2,Lesson 33:,Comparing Decimals • Rounding Decimals,Arrange decimal numbers in order from least to greatest.,Partial,g5-deccompare,Pairwise comparison present; add complete ordered list.,Design audit only; not mathematically verified,PS.MAT.G5.33.2,Retain source outcome; no automatic merge.,False,,Task-specific response contract,False
139,PS.MAT.G5.NBT.33.3,PS.MAT.G5.33.3,Lesson 33:,Comparing Decimals • Rounding Decimals,Round decimal numbers.,Direct,g5-round,Decimal rounding generator exists.,Design audit only; not mathematically verified,PS.MAT.G5.33.3,Retain source outcome; no automatic merge.,False,,Task-specific response contract,False
140,PS.MAT.G5.MD.34.1,PS.MAT.G5.34.1,Lesson 34:,Decimal Numbers on the Number Line,Find the length of a segment using a centimeter ruler.,Missing,,Add a generator and response contract for this exact task: Find the length of a segment using a centimeter ruler.,Design audit only; not mathematically verified,PS.MAT.G5.34.1,Retain source outcome; no automatic merge.,False,,Written/constructed response,False
141,PS.MAT.G5.NBT.34.2,PS.MAT.G5.34.2,Lesson 34:,Decimal Numbers on the Number Line,Locate decimal numbers on a number line.,Missing,,Add a generator and response contract for this exact task: Locate decimal numbers on a number line.,Design audit only; not mathematically verified,PS.MAT.G5.34.2,Retain source outcome; no automatic merge.,False,,Task-specific response contract,False
142,PS.MAT.G5.MD.34.3,PS.MAT.G5.34.3,Lesson 34:,Decimal Numbers on the Number Line,Convert from one unit of length to another in the metric system.,Partial,g4-convert; g5-convert,Mixed conversion bank exists; add curriculum-specific unit filters and confirm complete customary/metric coverage.,Design audit only; not mathematically verified,PS.MAT.G5.34.3,Retain source outcome; no automatic merge.,False,,Task-specific response contract,False
143,PS.MAT.G5.NBT.35.1,PS.MAT.G5.35.1,Lesson 35:,"Adding, Subtracting, Multiplying, and Dividing Decimal Numbers",Add and subtract decimal numbers.,Direct,g5-decadd; g5-decsub,Separate decimal addition/subtraction generators exist.,Design audit only; not mathematically verified,PS.MAT.G5.35.1,Retain source outcome; no automatic merge.,False,,Task-specific response contract,False
144,PS.MAT.G5.NBT.35.2,PS.MAT.G5.35.2,Lesson 35:,"Adding, Subtracting, Multiplying, and Dividing Decimal Numbers",Multiply decimal numbers.,Direct,g5-decmul,Decimal multiplication generator exists.,Design audit only; not mathematically verified,PS.MAT.G5.35.2,Retain source outcome; no automatic merge.,True,,Task-specific response contract,False
145,PS.MAT.G5.NBT.35.3,PS.MAT.G5.35.3,Lesson 35:,"Adding, Subtracting, Multiplying, and Dividing Decimal Numbers",Divide decimal numbers by a whole number.,Partial,g7-signeddec,Mixed signed-decimal skill can divide a decimal by a whole number; isolate positive decimal-dividend/whole-divisor selection.,Design audit only; not mathematically verified,PS.MAT.G5.35.3,Retain source outcome; no automatic merge.,False,,Task-specific response contract,False
146,PS.MAT.G5.RP.36.1,PS.MAT.G5.36.1,Lesson 36:,Ratio • Simple Probability,Write a ratio in four different ways.,Partial,g6-ratio,Ratio computation exists; four notations and identification of ratio quantities not elicited.,Design audit only; not mathematically verified,PS.MAT.G5.36.1,Retain source outcome; no automatic merge.,True,,Task-specific response contract,False
147,PS.MAT.G5.RP.36.2,PS.MAT.G5.36.2,Lesson 36:,Ratio • Simple Probability,Name the three numbers involved in a ratio.,Partial,g6-ratio,Ratio computation exists; four notations and identification of ratio quantities not elicited.,Design audit only; not mathematically verified,PS.MAT.G5.36.2,Retain source outcome; no automatic merge.,False,,Task-specific response contract,False
148,PS.MAT.G5.SP.36.3,PS.MAT.G5.36.3,Lesson 36:,Ratio • Simple Probability,Find the probability of an event.,Missing,,Add a generator and response contract for this exact task: Find the probability of an event.,Design audit only; not mathematically verified,PS.MAT.G5.36.3,Retain source outcome; no automatic merge.,False,,Task-specific response contract,False
149,PS.MAT.G5.G.37.1,PS.MAT.G5.37.1,Lesson 37:,"Area of a Triangle • Rectangular Area, Part 2",Identify the height and base in a triangle.,Partial,g6-geo-triangle-area,Diagram labels base/height for calculation; identifying these is not itself the requested response.,Design audit only; not mathematically verified,PS.MAT.G5.37.1,Retain source outcome; no automatic merge.,False,,Task-specific response contract,False
150,PS.MAT.G5.MD.37.2,PS.MAT.G5.37.2,Lesson 37:,"Area of a Triangle • Rectangular Area, Part 2",Find the area of a triangle using one of two area formulas.,Direct,g6-geo-triangle-area,Triangle area with base and perpendicular height present.,Design audit only; not mathematically verified,PS.MAT.G5.37.2,Retain source outcome; no automatic merge.,True,"{""bank"": ""HA MA Saxon Course 1 08/English/C1_Section08.bnk"", ""bank_sha256"": ""7634a2db656dc35f5860d8ebd0429f6898e6ba30a4a71024fd6cf16c0b778808"", ""lesson_label"": ""Lesson 79: Area of a Triangle"", ""decompressed_label_offset"": 18950, ""evidence_level"": ""Verified recovered lesson label only. Cross-course reference, not proof of exact 8/7 item equivalence or parameter bounds.""}",Task-specific response contract,False
151,PS.MAT.G5.MD.37.3,PS.MAT.G5.37.3,Lesson 37:,"Area of a Triangle • Rectangular Area, Part 2",Find the area of a shape by dividing the shape into rectangular parts.,Missing,,Add a generator and response contract for this exact task: Find the area of a shape by dividing the shape into rectangular parts.,Design audit only; not mathematically verified,PS.MAT.G5.37.3,Retain source outcome; no automatic merge.,False,,Task-specific response contract,False
152,PS.MAT.G5.MD.37.4,PS.MAT.G5.37.4,Lesson 37:,"Area of a Triangle • Rectangular Area, Part 2",Use area by difference to find the area of a given shape. ,Missing,,Add a generator and response contract for this exact task: Use area by difference to find the area of a given shape.,Design audit only; not mathematically verified,PS.MAT.G5.37.4,Retain source outcome; no automatic merge.,False,,Task-specific response contract,False
153,PS.MAT.G5.SP.38.1,PS.MAT.G5.38.1,Lesson 38:,Interpreting Graphs,Interpret pictographs.,Missing,,Add a generator and response contract for this exact task: Interpret pictographs.,Design audit only; not mathematically verified,PS.MAT.G5.38.1,Retain source outcome; no automatic merge.,False,,Task-specific response contract,False
154,PS.MAT.G5.SP.38.2,PS.MAT.G5.38.2,Lesson 38:,Interpreting Graphs,Interpret bar graphs.,Missing,,Add a generator and response contract for this exact task: Interpret bar graphs.,Design audit only; not mathematically verified,PS.MAT.G5.38.2,Retain source outcome; no automatic merge.,False,,Task-specific response contract,False
155,PS.MAT.G5.SP.38.3,PS.MAT.G5.38.3,Lesson 38:,Interpreting Graphs,Interpret line graphs.,Missing,,Add a generator and response contract for this exact task: Interpret line graphs.,Design audit only; not mathematically verified,PS.MAT.G5.38.3,Retain source outcome; no automatic merge.,False,,Task-specific response contract,False
156,PS.MAT.G5.SP.38.4,PS.MAT.G5.38.4,Lesson 38:,Interpreting Graphs,Interpret circle graphs.,Missing,,Add a generator and response contract for this exact task: Interpret circle graphs.,Design audit only; not mathematically verified,PS.MAT.G5.38.4,Retain source outcome; no automatic merge.,False,,Task-specific response contract,False
157,PS.MAT.G5.RP.39.1,PS.MAT.G5.39.1,Lesson 39:,Proportions,Use cross products to determine if two ratios are equal.,Partial,g6-ratio,Equivalent-ratio computation present; cross-product equality test absent.,Design audit only; not mathematically verified,PS.MAT.G5.39.1,Retain source outcome; no automatic merge.,False,,Task-specific response contract,False
158,PS.MAT.G5.RP.39.2,PS.MAT.G5.39.2,Lesson 39:,Proportions,Solve a proportion for a missing term.,Partial,g6-ratio,Known ratio with missing contextual quantity exists; add explicit four-term proportions and all unknown positions.,Design audit only; not mathematically verified,PS.MAT.G5.39.2,Retain source outcome; no automatic merge.,False,,Task-specific response contract,False
159,PS.MAT.G5.G.40.1,PS.MAT.G5.40.1,Lesson 40:,Sum of the Angle Measures of a Triangle • Angle Pairs,Verify that the sum of the measures of the three angles in a triangle is 180°.,Missing,,Add a generator and response contract for this exact task: Verify that the sum of the measures of the three angles in a triangle is 180°.,Design audit only; not mathematically verified,PS.MAT.G5.40.1,Retain source outcome; no automatic merge.,False,,Task-specific response contract,False
160,PS.MAT.G5.G.40.2,PS.MAT.G5.40.2,Lesson 40:,Sum of the Angle Measures of a Triangle • Angle Pairs,Find the missing angle measure of a triangle.,Missing,,Add a generator and response contract for this exact task: Find the missing angle measure of a triangle.,Design audit only; not mathematically verified,PS.MAT.G5.40.2,Retain source outcome; no automatic merge.,True,"{""bank"": ""HA MA Saxon Course 1 08/English/C1_Section10.bnk"", ""bank_sha256"": ""59ed038a49ced7a01ecbc4d27194fbae17fdb2817b60af3689b6a15c72207055"", ""lesson_label"": ""Lesson 98: Sum of the Angle Measures of Triangles and Quadrilaterals"", ""decompressed_label_offset"": 65092, ""evidence_level"": ""Verified recovered lesson label only. Cross-course reference, not proof of exact 8/7 item equivalence or parameter bounds.""}",Task-specific response contract,False
161,PS.MAT.G5.G.40.3,PS.MAT.G5.40.3,Lesson 40:,Sum of the Angle Measures of a Triangle • Angle Pairs,"Identify special angle relationships: complementary, supplementary, adjacent, and vertical angles. ",Missing,,"Add a generator and response contract for this exact task: Identify special angle relationships: complementary, supplementary, adjacent, and vertical angles.",Design audit only; not mathematically verified,PS.MAT.G5.40.3,Retain source outcome; no automatic merge.,False,,Task-specific response contract,False
162,PS.MAT.G5.G.40.4,PS.MAT.G5.40.4,Lesson 40:,Sum of the Angle Measures of a Triangle • Angle Pairs,Use angle relationships to find missing angle measures in figures.,Missing,,Add a generator and response contract for this exact task: Use angle relationships to find missing angle measures in figures.,Design audit only; not mathematically verified,PS.MAT.G5.40.4,Retain source outcome; no automatic merge.,False,,Task-specific response contract,False
163,PS.MAT.G5.EE.41.1,PS.MAT.G5.41.1,Lesson 41:,Using Formulas • Distributive Property,Evaluate a formula by replacing letters in the formula with numbers and then simplifying.,Partial,g6-eval,"Only positive ax+b substitution; add formula families, multiple variables and required order-of-operations variants.",Design audit only; not mathematically verified,PS.MAT.G5.41.1,Retain source outcome; no automatic merge.,False,,Task-specific response contract,False
164,PS.MAT.G5.EE.41.2,PS.MAT.G5.41.2,Lesson 41:,Using Formulas • Distributive Property,Use the distributive property to simplify expressions.,Direct,g6-distribute; g7-distribute,Positive and signed distributive expansion generators exist.,Design audit only; not mathematically verified,PS.MAT.G5.41.2,Retain source outcome; no automatic merge.,False,,Task-specific response contract,False
165,PS.MAT.G5.NS.42.1,PS.MAT.G5.42.1,Lesson 42:,Repeating Decimals,Write a repeating decimal with a bar over the repetend.,Partial,g7-repeat,Repeating digit uses parentheses notation; add overbar rendering and multi-digit repetends.,Design audit only; not mathematically verified,PS.MAT.G5.42.1,Retain source outcome; no automatic merge.,False,,Task-specific response contract,False
166,PS.MAT.G5.NS.42.2,PS.MAT.G5.42.2,Lesson 42:,Repeating Decimals,Round a repeating decimal.,Missing,,Add a generator and response contract for this exact task: Round a repeating decimal.,Design audit only; not mathematically verified,PS.MAT.G5.42.2,Retain source outcome; no automatic merge.,False,,Task-specific response contract,False
167,PS.MAT.G5.NF.43.1,PS.MAT.G5.43.1,Lesson 43:,Converting Decimals to Fractions • Converting Fractions to Decimals • Converting Percents to Decimals,Convert decimals to fractions.,Direct,g4-dectofrac,Decimal-to-reduced-fraction task exists within hundredths range.,Design audit only; not mathematically verified,PS.MAT.G5.31.2,Proposed same assessment outcome as PS.MAT.G5.NF.31.2; preserve both lesson links.,True,,Task-specific response contract,False
168,PS.MAT.G5.NF.43.2,PS.MAT.G5.43.2,Lesson 43:,Converting Decimals to Fractions • Converting Fractions to Decimals • Converting Percents to Decimals,Convert fractions and mixed numbers to decimals.,Partial,g4-decimal; g7-decimal,Terminating fraction-to-decimal conversion exists; mixed-number inputs and repeating cases incomplete.,Design audit only; not mathematically verified,PS.MAT.G5.43.2,Retain source outcome; no automatic merge.,True,,Task-specific response contract,False
169,PS.MAT.G5.RP.43.3,PS.MAT.G5.43.3,Lesson 43:,Converting Decimals to Fractions • Converting Fractions to Decimals • Converting Percents to Decimals,Convert percents to decimals.,Partial,g6-represent,Percent-to-decimal is one random branch; isolate requested direction and extend ranges.,Design audit only; not mathematically verified,PS.MAT.G5.43.3,Retain source outcome; no automatic merge.,False,,Task-specific response contract,False
170,PS.MAT.G5.RP.43.4,PS.MAT.G5.43.4,Lesson 43:,Converting Decimals to Fractions • Converting Fractions to Decimals • Converting Percents to Decimals,"Convert between fractions, decimals, and percentages (percent).",Partial,g6-represent; g4-dectofrac; g4-decimal,Several conversion directions exist; fraction-to-percent and full mixed/improper/>100% coverage incomplete.,Design audit only; not mathematically verified,PS.MAT.G5.43.4,Retain source outcome; no automatic merge.,False,"{""bank"": ""HA MA Saxon Course 1 08/English/C1_Section10.bnk"", ""bank_sha256"": ""59ed038a49ced7a01ecbc4d27194fbae17fdb2817b60af3689b6a15c72207055"", ""lesson_label"": ""Lesson 99: Fraction-Decimal-Percent Equivalents"", ""decompressed_label_offset"": 74468, ""evidence_level"": ""Verified recovered lesson label only. Cross-course reference, not proof of exact 8/7 item equivalence or parameter bounds.""}",Task-specific response contract,False
171,PS.MAT.G5.NBT.44.1,PS.MAT.G5.44.1,Lesson 44:,Division Answers,Write the answers to division problems that have remainders in different ways.,Partial,g4-div-3by1-remainder; g5-quotient,Remainder notation and fraction quotient tasks exist separately; add configurable answer-form choice and mixed-number output.,Design audit only; not mathematically verified,PS.MAT.G5.44.1,Retain source outcome; no automatic merge.,False,,Task-specific response contract,False
172,PS.MAT.G5.NBT.45.1,PS.MAT.G5.45.1,Lesson 45:,Dividing by a Decimal Number,Divide by a decimal number.,Direct,g5-decdiv,Decimal divisor generation exists.,Design audit only; not mathematically verified,PS.MAT.G5.45.1,Retain source outcome; no automatic merge.,False,,Task-specific response contract,False
173,PS.MAT.G5.RP.46.1,PS.MAT.G5.46.1,Lesson 46:,Unit Price • Rates • Sales Tax,Find the unit price of a given product.,Direct,g6-rate,Unit price task exists.,Design audit only; not mathematically verified,PS.MAT.G5.46.1,Retain source outcome; no automatic merge.,False,,Task-specific response contract,False
174,PS.MAT.G5.RP.46.2,PS.MAT.G5.46.2,Lesson 46:,Unit Price • Rates • Sales Tax,Calculate rates.,Direct,g6-rate; g7-fracrate,Unit-rate calculations exist with whole and fractional quantities.,Design audit only; not mathematically verified,PS.MAT.G5.46.2,Retain source outcome; no automatic merge.,False,,Task-specific response contract,False
175,PS.MAT.G5.RP.46.3,PS.MAT.G5.46.3,Lesson 46:,Unit Price • Rates • Sales Tax,Find the amount of sales tax on a purchase.,Partial,g7-increase,Existing task asks total including tax/tip; add tax-only and tip-only amount targets.,Design audit only; not mathematically verified,PS.MAT.G5.46.3,Retain source outcome; no automatic merge.,False,,Task-specific response contract,False
176,PS.MAT.G5.RP.46.4,PS.MAT.G5.46.4,Lesson 46:,Unit Price • Rates • Sales Tax,Calculate a tip for a service.,Partial,g7-increase,Existing task asks total including tax/tip; add tax-only and tip-only amount targets.,Design audit only; not mathematically verified,PS.MAT.G5.46.4,Retain source outcome; no automatic merge.,False,,Task-specific response contract,False
177,PS.MAT.G5.NBT.47.1,PS.MAT.G5.47.1,Lesson 47:,Powers of 10,Use powers of 10 to show place value.,Missing,,Add a generator and response contract for this exact task: Use powers of 10 to show place value.,Design audit only; not mathematically verified,PS.MAT.G5.47.1,Retain source outcome; no automatic merge.,False,,Task-specific response contract,False
178,PS.MAT.G5.NBT.47.2,PS.MAT.G5.47.2,Lesson 47:,Powers of 10,Write numbers in expanded notation using powers of 10.,Missing,,Add a generator and response contract for this exact task: Write numbers in expanded notation using powers of 10.,Design audit only; not mathematically verified,PS.MAT.G5.47.2,Retain source outcome; no automatic merge.,True,,Task-specific response contract,False
179,PS.MAT.G5.NBT.47.3,PS.MAT.G5.47.3,Lesson 47:,Powers of 10,Multiply by powers of 10.,Partial,g5-powers10,Decimal shifts exist; isolate multiply/divide selection and confirm powers/ranges.,Design audit only; not mathematically verified,PS.MAT.G5.47.3,Retain source outcome; no automatic merge.,False,,Task-specific response contract,False
180,PS.MAT.G5.NBT.47.4,PS.MAT.G5.47.4,Lesson 47:,Powers of 10,Divide by powers of 10.,Partial,g5-powers10,Decimal shifts exist; isolate multiply/divide selection and confirm powers/ranges.,Design audit only; not mathematically verified,PS.MAT.G5.47.4,Retain source outcome; no automatic merge.,False,,Task-specific response contract,False
181,PS.MAT.G5.RP.48.1,PS.MAT.G5.48.1,Lesson 48:,Fraction-Decimal-Percent Equivalents,"Describe a part of a whole using a fraction, a decimal, or a percent.",Partial,g6-represent; g4-dectofrac; g4-decimal,Several conversion directions exist; fraction-to-percent and full mixed/improper/>100% coverage incomplete.,Design audit only; not mathematically verified,PS.MAT.G5.48.1,Retain source outcome; no automatic merge.,False,,Task-specific response contract,False
182,PS.MAT.G5.RP.48.2,PS.MAT.G5.48.2,Lesson 48:,Fraction-Decimal-Percent Equivalents,Write fraction-decimal-percent equivalents.,Partial,g6-represent; g4-dectofrac; g4-decimal,Several conversion directions exist; fraction-to-percent and full mixed/improper/>100% coverage incomplete.,Design audit only; not mathematically verified,PS.MAT.G5.43.4,Proposed same assessment outcome as PS.MAT.G5.RP.43.4; preserve both lesson links.,False,"{""bank"": ""HA MA Saxon Course 1 08/English/C1_Section10.bnk"", ""bank_sha256"": ""59ed038a49ced7a01ecbc4d27194fbae17fdb2817b60af3689b6a15c72207055"", ""lesson_label"": ""Lesson 99: Fraction-Decimal-Percent Equivalents"", ""decompressed_label_offset"": 74468, ""evidence_level"": ""Verified recovered lesson label only. Cross-course reference, not proof of exact 8/7 item equivalence or parameter bounds.""}",Task-specific response contract,False
183,PS.MAT.G5.MD.49.1,PS.MAT.G5.49.1,Lesson 49:,Adding Mixed Measures,Add mixed measures.,Missing,,Add a generator and response contract for this exact task: Add mixed measures.,Design audit only; not mathematically verified,PS.MAT.G5.49.1,Retain source outcome; no automatic merge.,False,,Task-specific response contract,False
184,PS.MAT.G5.MD.50.1,PS.MAT.G5.50.1,Lesson 50:,Unit Multipliers and Unit Conversion,Write unit multipliers for equivalent measures.,Partial,g5-convert,"Direct unit conversions exist; unit-multiplier representation, cancellation and multi-stage chains missing.",Design audit only; not mathematically verified,PS.MAT.G5.50.1,Retain source outcome; no automatic merge.,False,,Task-specific response contract,False
185,PS.MAT.G5.MD.50.2,PS.MAT.G5.50.2,Lesson 50:,Unit Multipliers and Unit Conversion,Use unit multipliers to convert from one unit of measure to another.,Partial,g5-convert,"Direct unit conversions exist; unit-multiplier representation, cancellation and multi-stage chains missing.",Design audit only; not mathematically verified,PS.MAT.G5.50.2,Retain source outcome; no automatic merge.,False,,Task-specific response contract,False
186,PS.MAT.G5.EE.51.1,PS.MAT.G5.51.1,Lesson 51:,Scientific Notation for Large Numbers,Use scientific notation to express large numbers.,Missing,,Add a generator and response contract for this exact task: Use scientific notation to express large numbers.,Design audit only; not mathematically verified,PS.MAT.G5.51.1,Retain source outcome; no automatic merge.,False,,Task-specific response contract,False
187,PS.MAT.G5.EE.51.2,PS.MAT.G5.51.2,Lesson 51:,Scientific Notation for Large Numbers,Rewrite large numbers written in scientific notation in standard form.,Missing,,Add a generator and response contract for this exact task: Rewrite large numbers written in scientific notation in standard form.,Design audit only; not mathematically verified,PS.MAT.G5.51.2,Retain source outcome; no automatic merge.,False,,Task-specific response contract,False
188,PS.MAT.G5.EE.52.1,PS.MAT.G5.52.1,Lesson 52:,Order of Operations,Follow the order of operations when simplifying an expression.,Direct,g5-order; g6-order,Parentheses-only and parentheses/exponents order-of-operations tasks exist.,Design audit only; not mathematically verified,PS.MAT.G5.52.1,Retain source outcome; no automatic merge.,True,,Task-specific response contract,False
189,PS.MAT.G5.EE.52.2,PS.MAT.G5.52.2,Lesson 52:,Order of Operations,Follow the order of operations when evaluating expressions with variables.,Partial,g6-eval,"Only positive ax+b substitution; add formula families, multiple variables and required order-of-operations variants.",Design audit only; not mathematically verified,PS.MAT.G5.52.2,Retain source outcome; no automatic merge.,False,,Task-specific response contract,False
190,PS.MAT.G5.RP.53.1,PS.MAT.G5.53.1,Lesson 53:,Multiplying Rates,Express rate in two forms.,Partial,g6-rate; g7-fracrate,Rate calculation present; reciprocal forms and choosing the correct multiplier not elicited.,Design audit only; not mathematically verified,PS.MAT.G5.53.1,Retain source outcome; no automatic merge.,False,,Task-specific response contract,False
191,PS.MAT.G5.RP.53.2,PS.MAT.G5.53.2,Lesson 53:,Multiplying Rates,Solve rate problems by multiplying by the correct form of the rate.,Partial,g6-rate; g7-fracrate,Rate calculation present; reciprocal forms and choosing the correct multiplier not elicited.,Design audit only; not mathematically verified,PS.MAT.G5.53.2,Retain source outcome; no automatic merge.,False,,Task-specific response contract,False
192,PS.MAT.G5.RP.54.1,PS.MAT.G5.54.1,Lesson 54:,Ratio Word Problems,Use ratio boxes to organize the data in ratio word problems.,Partial,g6-ratio; g6-word; g7-propword,Proportional stories present; ratio-box method or explicit proportion setup needs support.,Design audit only; not mathematically verified,PS.MAT.G5.54.1,Retain source outcome; no automatic merge.,False,,Task-specific response contract,False
193,PS.MAT.G5.RP.54.2,PS.MAT.G5.54.2,Lesson 54:,Ratio Word Problems,Use proportions to solve ratio word problems.,Partial,g6-ratio; g6-word; g7-propword,Proportional stories present; ratio-box method or explicit proportion setup needs support.,Design audit only; not mathematically verified,PS.MAT.G5.54.2,Retain source outcome; no automatic merge.,False,,Task-specific response contract,False
194,PS.MAT.G5.SP.55.1,PS.MAT.G5.55.1,Lesson 55:,"Average, Part 2",Find the sum of a set of numbers when the average of the numbers is known.,Missing,,Add a generator and response contract for this exact task: Find the sum of a set of numbers when the average of the numbers is known.,Design audit only; not mathematically verified,PS.MAT.G5.55.1,Retain source outcome; no automatic merge.,False,,Task-specific response contract,False
195,PS.MAT.G5.SP.55.2,PS.MAT.G5.55.2,Lesson 55:,"Average, Part 2",Find a missing number in a set when the average is known.,Missing,,Add a generator and response contract for this exact task: Find a missing number in a set when the average is known.,Design audit only; not mathematically verified,PS.MAT.G5.55.2,Retain source outcome; no automatic merge.,False,,Task-specific response contract,False
196,PS.MAT.G5.SP.55.3,PS.MAT.G5.55.3,Lesson 55:,"Average, Part 2",Find an overall average.,Missing,,Add a generator and response contract for this exact task: Find an overall average.,Design audit only; not mathematically verified,PS.MAT.G5.55.3,Retain source outcome; no automatic merge.,False,,Task-specific response contract,False
197,PS.MAT.G5.MD.56.1,PS.MAT.G5.56.1,Lesson 56:,Subtracting Mixed Measures,Subtract mixed measures.,Missing,,Add a generator and response contract for this exact task: Subtract mixed measures.,Design audit only; not mathematically verified,PS.MAT.G5.56.1,Retain source outcome; no automatic merge.,False,,Task-specific response contract,False
198,PS.MAT.G5.EE.57.1,PS.MAT.G5.57.1,Lesson 57:,Negative Exponents • Scientific Notation for Small Numbers,Simplify numbers with exponents of zero or negative exponents.,Missing,,Add a generator and response contract for this exact task: Simplify numbers with exponents of zero or negative exponents.,Design audit only; not mathematically verified,PS.MAT.G5.57.1,Retain source outcome; no automatic merge.,False,,Task-specific response contract,False
199,PS.MAT.G5.EE.57.2,PS.MAT.G5.57.2,Lesson 57:,Negative Exponents • Scientific Notation for Small Numbers,Use scientific notation to express small numbers.,Missing,,Add a generator and response contract for this exact task: Use scientific notation to express small numbers.,Design audit only; not mathematically verified,PS.MAT.G5.57.2,Retain source outcome; no automatic merge.,False,,Task-specific response contract,False
200,PS.MAT.G5.EE.57.3,PS.MAT.G5.57.3,Lesson 57:,Negative Exponents • Scientific Notation for Small Numbers,Rewrite small numbers written in scientific notation in standard form.,Missing,,Add a generator and response contract for this exact task: Rewrite small numbers written in scientific notation in standard form.,Design audit only; not mathematically verified,PS.MAT.G5.57.3,Retain source outcome; no automatic merge.,False,,Task-specific response contract,False
201,PS.MAT.G5.EE.57.4,PS.MAT.G5.57.4,Lesson 57:,Negative Exponents • Scientific Notation for Small Numbers,Compare small numbers written in scientific notation.,Missing,,Add a generator and response contract for this exact task: Compare small numbers written in scientific notation.,Design audit only; not mathematically verified,PS.MAT.G5.57.4,Retain source outcome; no automatic merge.,False,,Task-specific response contract,False
202,PS.MAT.G5.G.58.1,PS.MAT.G5.58.1,Lesson 58:,"Line Symmetry • Functions, Part 1",Identify and draw the lines of symmetry in figures.,Missing,,Add a generator and response contract for this exact task: Identify and draw the lines of symmetry in figures.,Design audit only; not mathematically verified,PS.MAT.G5.58.1,Retain source outcome; no automatic merge.,False,,Written/constructed response,False
203,PS.MAT.G5.F.58.2,PS.MAT.G5.58.2,Lesson 58:,"Line Symmetry • Functions, Part 1",Study pairs of numbers to determine the rule for a function.,Partial,g5-pattern,Related patterns exist; infer a function rule from input/output pairs needs explicit task.,Design audit only; not mathematically verified,PS.MAT.G5.58.2,Retain source outcome; no automatic merge.,False,,Task-specific response contract,False
204,PS.MAT.G5.F.58.3,PS.MAT.G5.58.3,Lesson 58:,"Line Symmetry • Functions, Part 1",Use the rule for a function to find a missing number.,Partial,g6-relation,Evaluate stated rule exists; add table representation and missing input as well as output.,Design audit only; not mathematically verified,PS.MAT.G5.58.3,Retain source outcome; no automatic merge.,False,,Task-specific response contract,False
205,PS.MAT.G5.NS.59.1,PS.MAT.G5.59.1,Lesson 59:,Adding Integers on the Number Line,Find the absolute value of a number.,Direct,g6-absolute,Direct absolute-value generator exists.,Design audit only; not mathematically verified,PS.MAT.G5.59.1,Retain source outcome; no automatic merge.,False,,Task-specific response contract,False
206,PS.MAT.G5.NS.59.2,PS.MAT.G5.59.2,Lesson 59:,Adding Integers on the Number Line,Use a number line to add integers.,Partial,g7-intadd; g7-intsub,Integer arithmetic exists; required number-line representation is absent.,Design audit only; not mathematically verified,PS.MAT.G5.59.2,Retain source outcome; no automatic merge.,False,,Task-specific response contract,False
207,PS.MAT.G5.NF.60.1,PS.MAT.G5.60.1,Lesson 60:,"Fractional Part of a Number, Part 1 • Percent of a Number, Part 1",Solve fractional-part-of-a-number problems by translating questions into equations.,Partial,g5-fmulword,Fraction-of-number result exists; equation translation is not required.,Design audit only; not mathematically verified,PS.MAT.G5.60.1,Retain source outcome; no automatic merge.,False,,Task-specific response contract,False
208,PS.MAT.G5.RP.60.2,PS.MAT.G5.60.2,Lesson 60:,"Fractional Part of a Number, Part 1 • Percent of a Number, Part 1","Translate percent problems into equations, convert percents to fractions or decimals, and solve.",Partial,g6-percent; g6-percentwhole; g6-percentrate,Percent unknown forms exist; translating/solving via explicit equations or proportions not elicited.,Design audit only; not mathematically verified,PS.MAT.G5.60.2,Retain source outcome; no automatic merge.,False,,Task-specific response contract,False
209,PS.MAT.G5.MD.61.1,PS.MAT.G5.61.1,Lesson 61:,Area of a Parallelogram • Angles of a Parallelogram,Find the area of a parallelogram.,Direct,g6-geo-parallelogram-area,Parallelogram area generator exists.,Design audit only; not mathematically verified,PS.MAT.G5.61.1,Retain source outcome; no automatic merge.,False,,Task-specific response contract,False
210,PS.MAT.G5.G.61.2,PS.MAT.G5.61.2,Lesson 61:,Area of a Parallelogram • Angles of a Parallelogram,Use the relationships among the angles of a parallelogram to find their measures.,Missing,,Add a generator and response contract for this exact task: Use the relationships among the angles of a parallelogram to find their measures.,Design audit only; not mathematically verified,PS.MAT.G5.61.2,Retain source outcome; no automatic merge.,False,,Task-specific response contract,False
211,PS.MAT.G5.G.62.1,PS.MAT.G5.62.1,Lesson 62:,Classifying Triangles,Classify a triangle by its angles.,Missing,,Add a generator and response contract for this exact task: Classify a triangle by its angles.,Design audit only; not mathematically verified,PS.MAT.G5.62.1,Retain source outcome; no automatic merge.,False,,Task-specific response contract,False
212,PS.MAT.G5.G.62.2,PS.MAT.G5.62.2,Lesson 62:,Classifying Triangles,Name the sides of a triangle in order from shortest to longest when given only the measures of the angles.,Missing,,Add a generator and response contract for this exact task: Name the sides of a triangle in order from shortest to longest when given only the measures of the angles.,Design audit only; not mathematically verified,PS.MAT.G5.62.2,Retain source outcome; no automatic merge.,False,,Task-specific response contract,False
213,PS.MAT.G5.G.62.3,PS.MAT.G5.62.3,Lesson 62:,Classifying Triangles,Classify a triangle by its sides.,Missing,,Add a generator and response contract for this exact task: Classify a triangle by its sides.,Design audit only; not mathematically verified,PS.MAT.G5.62.3,Retain source outcome; no automatic merge.,True,"{""bank"": ""HA MA Saxon Course 1 08/English/C1_Section10.bnk"", ""bank_sha256"": ""59ed038a49ced7a01ecbc4d27194fbae17fdb2817b60af3689b6a15c72207055"", ""lesson_label"": ""Lesson 93: Classifying Triangles"", ""decompressed_label_offset"": 9064, ""evidence_level"": ""Verified recovered lesson label only. Cross-course reference, not proof of exact 8/7 item equivalence or parameter bounds.""}",Task-specific response contract,False
214,PS.MAT.G5.EE.63.1,PS.MAT.G5.63.1,Lesson 63:,Symbols of Inclusion,Identify symbols of inclusion.,Missing,,Add a generator and response contract for this exact task: Identify symbols of inclusion.,Design audit only; not mathematically verified,PS.MAT.G5.63.1,Retain source outcome; no automatic merge.,False,,Task-specific response contract,False
215,PS.MAT.G5.EE.63.2,PS.MAT.G5.63.2,Lesson 63:,Symbols of Inclusion,Simplify expressions that have multiple symbols of inclusion.,Partial,g5-order; g6-order,Parentheses expressions exist; add nested/multiple bracket and brace symbols.,Design audit only; not mathematically verified,PS.MAT.G5.63.2,Retain source outcome; no automatic merge.,True,,Task-specific response contract,False
216,PS.MAT.G5.NS.64.1,PS.MAT.G5.64.1,Lesson 64:,Adding Signed Numbers,Add signed numbers without drawing a number line.,Direct,g7-intadd,Signed addition without number line exists.,Design audit only; not mathematically verified,PS.MAT.G5.64.1,Retain source outcome; no automatic merge.,True,,Written/constructed response,False
217,PS.MAT.G5.RP.65.1,PS.MAT.G5.65.1,Lesson 65:,Ratio Problems Involving Totals,Use ratio boxes to organize the data in ratio problems involving totals.,Partial,g6-ratio,Part-to-part quantity form exists; add total-given/implied-ratio templates and ratio boxes where required.,Design audit only; not mathematically verified,PS.MAT.G5.65.1,Retain source outcome; no automatic merge.,False,,Task-specific response contract,False
218,PS.MAT.G5.RP.65.2,PS.MAT.G5.65.2,Lesson 65:,Ratio Problems Involving Totals,Use proportions to solve ratio word problems that involve totals.,Partial,g6-ratio,Part-to-part quantity form exists; add total-given/implied-ratio templates and ratio boxes where required.,Design audit only; not mathematically verified,PS.MAT.G5.65.2,Retain source outcome; no automatic merge.,False,,Task-specific response contract,False
219,PS.MAT.G5.MD.66.1,PS.MAT.G5.66.1,Lesson 66:,Circumference and Pi,Find an approximate value of pi (π) by measuring the circumference and diameter of different circular objects.,Missing,,Add a generator and response contract for this exact task: Find an approximate value of pi (π) by measuring the circumference and diameter of different circular objects.,Design audit only; not mathematically verified,PS.MAT.G5.66.1,Retain source outcome; no automatic merge.,False,,Task-specific response contract,False
220,PS.MAT.G5.MD.66.2,PS.MAT.G5.66.2,Lesson 66:,Circumference and Pi,Use the formula C = πd to calculate the circumference of a circle given the length of the diameter or the length of the radius.,Missing,,Add a generator and response contract for this exact task: Use the formula C = πd to calculate the circumference of a circle given the length of the diameter or the length of the radius.,Design audit only; not mathematically verified,PS.MAT.G5.66.2,Retain source outcome; no automatic merge.,False,,Task-specific response contract,False
221,PS.MAT.G5.NS.66.3,PS.MAT.G5.66.3,Lesson 66:,Circumference and Pi,Represent π (pi) as a fraction and as a decimal.,Missing,,"Source wording needs clarification: pi is irrational and cannot equal a fraction or finite decimal. Specify approximations (e.g., 22/7 or 3.14) explicitly before generation.",Design audit only; not mathematically verified,PS.MAT.G5.66.3,Retain source outcome; no automatic merge.,False,,Task-specific response contract,False
222,PS.MAT.G5.G.67.1,PS.MAT.G5.67.1,Lesson 67:,Geometric Solids,Identify geometric solids.,Missing,,Add a generator and response contract for this exact task: Identify geometric solids.,Design audit only; not mathematically verified,PS.MAT.G5.67.1,Retain source outcome; no automatic merge.,False,,Task-specific response contract,False
223,PS.MAT.G5.G.67.2,PS.MAT.G5.67.2,Lesson 67:,Geometric Solids,"Describe polyhedrons by their faces, edges, or vertices.",Missing,,"Add a generator and response contract for this exact task: Describe polyhedrons by their faces, edges, or vertices.",Design audit only; not mathematically verified,PS.MAT.G5.67.2,Retain source outcome; no automatic merge.,False,,Task-specific response contract,False
224,PS.MAT.G5.G.67.3,PS.MAT.G5.67.3,Lesson 67:,Geometric Solids,Draw a prism.,Missing,,Add a generator and response contract for this exact task: Draw a prism.,Design audit only; not mathematically verified,PS.MAT.G5.67.3,Retain source outcome; no automatic merge.,False,,Written/constructed response,False
225,PS.MAT.G5.G.67.4,PS.MAT.G5.67.4,Lesson 67:,Geometric Solids,Identify a three-dimensional figure from its pattern.,Missing,,Add a generator and response contract for this exact task: Identify a three-dimensional figure from its pattern.,Design audit only; not mathematically verified,PS.MAT.G5.67.4,Retain source outcome; no automatic merge.,False,,Task-specific response contract,False
226,PS.MAT.G5.MD.67.5,PS.MAT.G5.67.5,Lesson 67:,Geometric Solids,Find the surface area of a rectangular prism by calculating the area of its pattern.,Partial,g3-geo-rectangle-area,Rectangle-face area is only a component; no prism net or complete surface-area generator.,Design audit only; not mathematically verified,PS.MAT.G5.67.5,Retain source outcome; no automatic merge.,False,,Task-specific response contract,False
227,PS.MAT.G5.EE.68.1,PS.MAT.G5.68.1,Lesson 68:,Algebraic Addition,Use algebraic addition to simplify expressions.,Partial,g7-intadd; g7-intsub; g7-expression,Related signed arithmetic/like terms exist; confirm and add algebraic-addition expression forms.,Design audit only; not mathematically verified,PS.MAT.G5.68.1,Retain source outcome; no automatic merge.,False,,Task-specific response contract,False
228,PS.MAT.G5.EE.69.1,PS.MAT.G5.69.1,Lesson 69:,More on Scientific Notation,Combine powers of 10 to write numbers in scientific notation.,Missing,,Add a generator and response contract for this exact task: Combine powers of 10 to write numbers in scientific notation.,Design audit only; not mathematically verified,PS.MAT.G5.69.1,Retain source outcome; no automatic merge.,False,,Task-specific response contract,False
229,PS.MAT.G5.MD.70.1,PS.MAT.G5.70.1,Lesson 70:,Volume,Find the volume of rectangular prisms.,Missing,,Add a generator and response contract for this exact task: Find the volume of rectangular prisms.,Design audit only; not mathematically verified,PS.MAT.G5.70.1,Retain source outcome; no automatic merge.,False,,Task-specific response contract,False
230,PS.MAT.G5.MD.70.2,PS.MAT.G5.70.2,Lesson 70:,Volume,Find the volume of triangular prisms.,Missing,,Add a generator and response contract for this exact task: Find the volume of triangular prisms.,Design audit only; not mathematically verified,PS.MAT.G5.70.2,Retain source outcome; no automatic merge.,False,,Task-specific response contract,False
231,PS.MAT.G5.NF.71.1,PS.MAT.G5.71.1,Lesson 71:,Finding the Whole Group When a Fraction Is Known,Finding the Whole Group When a Fraction Is Known,Partial,g6-percentwhole; g6-eq,Inverse-quantity/equation structures are reusable; direct fraction-known whole-group story absent.,Design audit only; not mathematically verified,PS.MAT.G5.71.1,Retain source outcome; no automatic merge.,False,"{""bank"": ""HA MA Saxon Course 1 08/English/C1_Section12.bnk"", ""bank_sha256"": ""37ab3ed90172d2071dfb85ebb45ef5baa38338390c7915746d27cb1f5b47f8ab"", ""lesson_label"": ""Lesson 117: Finding a Whole When a Fraction Is Known"", ""decompressed_label_offset"": 43789, ""evidence_level"": ""Verified recovered lesson label only. Cross-course reference, not proof of exact 8/7 item equivalence or parameter bounds.""}",Task-specific response contract,False
232,PS.MAT.G5.NF.71.2,PS.MAT.G5.71.2,Lesson 71:,Finding the Whole Group When a Fraction Is Known,Draw diagrams to find the whole group when a fraction of the group is known.,Missing,,Add a generator and response contract for this exact task: Draw diagrams to find the whole group when a fraction of the group is known.,Design audit only; not mathematically verified,PS.MAT.G5.71.2,Retain source outcome; no automatic merge.,False,,Written/constructed response,False
233,PS.MAT.G5.RP.72.1,PS.MAT.G5.72.1,Lesson 72:,Implied Ratios,Solve implied ratio problems.,Partial,g6-ratio,Part-to-part quantity form exists; add total-given/implied-ratio templates and ratio boxes where required.,Design audit only; not mathematically verified,PS.MAT.G5.72.1,Retain source outcome; no automatic merge.,False,,Task-specific response contract,False
234,PS.MAT.G5.NS.73.1,PS.MAT.G5.73.1,Lesson 73:,Multiplying and Dividing Signed Numbers,Multiply signed numbers.,Direct,g7-intmul,Signed multiplication exists.,Design audit only; not mathematically verified,PS.MAT.G5.73.1,Retain source outcome; no automatic merge.,False,,Task-specific response contract,False
235,PS.MAT.G5.NS.73.2,PS.MAT.G5.73.2,Lesson 73:,Multiplying and Dividing Signed Numbers,Divide signed numbers.,Direct,g7-intdiv,Signed division exists.,Design audit only; not mathematically verified,PS.MAT.G5.73.2,Retain source outcome; no automatic merge.,False,,Task-specific response contract,False
236,PS.MAT.G5.NF.74.1,PS.MAT.G5.74.1,Lesson 74:,"Fractional Part of a Number, Part 2",Solve a fractional-part-of-a-number problem when the total is unknown.,Partial,g6-percentwhole; g6-eq,Inverse-quantity/equation structures are reusable; direct fraction-known whole-group story absent.,Design audit only; not mathematically verified,PS.MAT.G5.71.1,Proposed same assessment outcome as PS.MAT.G5.NF.71.1; preserve both lesson links.,False,"{""bank"": ""HA MA Saxon Course 1 08/English/C1_Section12.bnk"", ""bank_sha256"": ""37ab3ed90172d2071dfb85ebb45ef5baa38338390c7915746d27cb1f5b47f8ab"", ""lesson_label"": ""Lesson 117: Finding a Whole When a Fraction Is Known"", ""decompressed_label_offset"": 43789, ""evidence_level"": ""Verified recovered lesson label only. Cross-course reference, not proof of exact 8/7 item equivalence or parameter bounds.""}",Task-specific response contract,False
237,PS.MAT.G5.MD.75.1,PS.MAT.G5.75.1,Lesson 75:,Area of a Complex Figure • Area of a Trapezoid,Find the areas of complex figures that include rectangular and triangular regions.,Missing,,Add a generator and response contract for this exact task: Find the areas of complex figures that include rectangular and triangular regions.,Design audit only; not mathematically verified,PS.MAT.G5.75.1,Retain source outcome; no automatic merge.,False,,Task-specific response contract,False
238,PS.MAT.G5.MD.75.2,PS.MAT.G5.75.2,Lesson 75:,Area of a Complex Figure • Area of a Trapezoid,Find the area of a trapezoid.,Direct,g6-geo-trapezoid-area,Trapezoid area generator exists.,Design audit only; not mathematically verified,PS.MAT.G5.75.2,Retain source outcome; no automatic merge.,False,,Task-specific response contract,False
239,PS.MAT.G5.NF.76.1,PS.MAT.G5.76.1,Lesson 76:,Complex Fractions,Simplify a complex fraction.,Partial,g6-fdiv,Division of two fractions exists; add stacked complex-fraction notation and simplification form.,Design audit only; not mathematically verified,PS.MAT.G5.76.1,Retain source outcome; no automatic merge.,False,,Task-specific response contract,False
240,PS.MAT.G5.RP.77.1,PS.MAT.G5.77.1,Lesson 77:,"Percent of a Number, Part 2",Translate percent-of-a-number problems into equations and then solve the equations.,Partial,g6-percent; g6-percentwhole; g6-percentrate,Percent unknown forms exist; translating/solving via explicit equations or proportions not elicited.,Design audit only; not mathematically verified,PS.MAT.G5.77.1,Retain source outcome; no automatic merge.,False,,Task-specific response contract,False
241,PS.MAT.G5.EE.78.1,PS.MAT.G5.78.1,Lesson 78:,Graphing Inequalities,Read and interpret the symbols ≥ and ≤.,Partial,g7-inequality,Symbols occur in solving tasks; add direct reading/interpretation prompt.,Design audit only; not mathematically verified,PS.MAT.G5.78.1,Retain source outcome; no automatic merge.,False,,Task-specific response contract,False
242,PS.MAT.G5.EE.78.2,PS.MAT.G5.78.2,Lesson 78:,Graphing Inequalities,Graph an inequality on a number line.,Partial,g7-inequality,Algebraic inequality answers exist; number-line graph response absent.,Design audit only; not mathematically verified,PS.MAT.G5.78.2,Retain source outcome; no automatic merge.,False,,Task-specific response contract,False
243,PS.MAT.G5.OA.79.1,PS.MAT.G5.79.1,Lesson 79:,Insufficient Information • Quantitative Comparisons,Recognize problems for which there is insufficient information to determine the answer.,Missing,,Add a generator and response contract for this exact task: Recognize problems for which there is insufficient information to determine the answer.,Design audit only; not mathematically verified,PS.MAT.G5.79.1,Retain source outcome; no automatic merge.,False,,Task-specific response contract,False
244,PS.MAT.G5.OA.79.2,PS.MAT.G5.79.2,Lesson 79:,Insufficient Information • Quantitative Comparisons,Recognize quantitative comparison problems in which the information is insufficient to make the comparison.,Missing,,Add a generator and response contract for this exact task: Recognize quantitative comparison problems in which the information is insufficient to make the comparison.,Design audit only; not mathematically verified,PS.MAT.G5.79.2,Retain source outcome; no automatic merge.,False,,Task-specific response contract,False
245,PS.MAT.G5.G.80.1,PS.MAT.G5.80.1,Lesson 80:,Transformations,Draw a figure and its image after a reflection in a given line.,Missing,,Add a generator and response contract for this exact task: Draw a figure and its image after a reflection in a given line.,Design audit only; not mathematically verified,PS.MAT.G5.80.1,Retain source outcome; no automatic merge.,False,,Written/constructed response,False
246,PS.MAT.G5.G.80.2,PS.MAT.G5.80.2,Lesson 80:,Transformations,Draw a figure and its image after a translation.,Missing,,Add a generator and response contract for this exact task: Draw a figure and its image after a translation.,Design audit only; not mathematically verified,PS.MAT.G5.80.2,Retain source outcome; no automatic merge.,False,,Written/constructed response,False
247,PS.MAT.G5.G.80.3,PS.MAT.G5.80.3,Lesson 80:,Transformations,Draw a figure and its image after a rotation.,Missing,,Add a generator and response contract for this exact task: Draw a figure and its image after a rotation.,Design audit only; not mathematically verified,PS.MAT.G5.80.3,Retain source outcome; no automatic merge.,False,,Written/constructed response,False
248,PS.MAT.G5.RP.81.1,PS.MAT.G5.81.1,Lesson 81:,Using Proportions to Solve Percent Problems,Use proportions to solve percent problems.,Partial,g6-percent; g6-percentwhole; g6-percentrate,Percent unknown forms exist; translating/solving via explicit equations or proportions not elicited.,Design audit only; not mathematically verified,PS.MAT.G5.81.1,Retain source outcome; no automatic merge.,False,,Task-specific response contract,False
249,PS.MAT.G5.MD.82.1,PS.MAT.G5.82.1,Lesson 82:,Area of a Circle,Find the area of a circle.,Missing,,Add a generator and response contract for this exact task: Find the area of a circle.,Design audit only; not mathematically verified,PS.MAT.G5.82.1,Retain source outcome; no automatic merge.,False,,Task-specific response contract,False
250,PS.MAT.G5.EE.83.1,PS.MAT.G5.83.1,Lesson 83:,Multiplying Powers of 10 • Multiplying Numbers in Scientific Notation,Multiply powers of 10.,Missing,,Add a generator and response contract for this exact task: Multiply powers of 10.,Design audit only; not mathematically verified,PS.MAT.G5.83.1,Retain source outcome; no automatic merge.,False,,Task-specific response contract,False
251,PS.MAT.G5.EE.83.2,PS.MAT.G5.83.2,Lesson 83:,Multiplying Powers of 10 • Multiplying Numbers in Scientific Notation,Multiply numbers written in scientific notation.,Missing,,Add a generator and response contract for this exact task: Multiply numbers written in scientific notation.,Design audit only; not mathematically verified,PS.MAT.G5.83.2,Retain source outcome; no automatic merge.,False,,Task-specific response contract,False
252,PS.MAT.G5.EE.84.1,PS.MAT.G5.84.1,Lesson 84:,Algebraic Terms,Collect like terms in an algebraic expression.,Direct,g6-combine; g7-expression,Positive and signed like-term collection exists.,Design audit only; not mathematically verified,PS.MAT.G5.84.1,Retain source outcome; no automatic merge.,False,,Task-specific response contract,False
253,PS.MAT.G5.EE.85.1,PS.MAT.G5.85.1,Lesson 85:,"Order of Operations with Signed Numbers • Functions, Part 2",Simplify expressions that contain both whole numbers and negative numbers.,Partial,g7-intadd; g7-intsub; g7-intmul; g7-intdiv,Binary signed operations exist; add compound expressions and operation-order control.,Design audit only; not mathematically verified,PS.MAT.G5.85.1,Retain source outcome; no automatic merge.,False,,Task-specific response contract,False
254,PS.MAT.G5.F.85.2,PS.MAT.G5.85.2,Lesson 85:,"Order of Operations with Signed Numbers • Functions, Part 2",Find missing numbers in function tables when a rule of the function is given as an equation.,Partial,g6-relation,Evaluate stated rule exists; add table representation and missing input as well as output.,Design audit only; not mathematically verified,PS.MAT.G5.85.2,Retain source outcome; no automatic merge.,False,,Task-specific response contract,False
255,PS.MAT.G5.NS.86.1,PS.MAT.G5.86.1,Lesson 86:,Number Families,"Identify the counting numbers, whole numbers, integers, and rational numbers.",Missing,,"Add a generator and response contract for this exact task: Identify the counting numbers, whole numbers, integers, and rational numbers.",Design audit only; not mathematically verified,PS.MAT.G5.86.1,Retain source outcome; no automatic merge.,False,,Task-specific response contract,False
256,PS.MAT.G5.NS.86.2,PS.MAT.G5.86.2,Lesson 86:,Number Families,"Tell how the counting numbers, whole numbers, integers, and rational numbers are related.",Missing,,"Add a generator and response contract for this exact task: Tell how the counting numbers, whole numbers, integers, and rational numbers are related.",Design audit only; not mathematically verified,PS.MAT.G5.86.2,Retain source outcome; no automatic merge.,False,,Task-specific response contract,False
257,PS.MAT.G5.EE.87.1,PS.MAT.G5.87.1,Lesson 87:,Multiplying Algebraic Terms,Multiply algebraic terms.,Missing,,Add a generator and response contract for this exact task: Multiply algebraic terms.,Design audit only; not mathematically verified,PS.MAT.G5.87.1,Retain source outcome; no automatic merge.,False,,Task-specific response contract,False
258,PS.MAT.G5.MD.88.1,PS.MAT.G5.88.1,Lesson 88:,Multiple Unit Multipliers • Converting Units of Area,Use more than one unit multiplier to convert from one unit to another.,Partial,g5-convert,"Direct unit conversions exist; unit-multiplier representation, cancellation and multi-stage chains missing.",Design audit only; not mathematically verified,PS.MAT.G5.88.1,Retain source outcome; no automatic merge.,False,,Task-specific response contract,False
259,PS.MAT.G5.MD.88.2,PS.MAT.G5.88.2,Lesson 88:,Multiple Unit Multipliers • Converting Units of Area,Convert from one unit of area to another.,Missing,,Add a generator and response contract for this exact task: Convert from one unit of area to another.,Design audit only; not mathematically verified,PS.MAT.G5.88.2,Retain source outcome; no automatic merge.,False,,Task-specific response contract,False
260,PS.MAT.G5.G.89.1,PS.MAT.G5.89.1,Lesson 89:,Diagonals • Interior Angles • Exterior Angles,Draw the diagonals of a polygon.,Missing,,Add a generator and response contract for this exact task: Draw the diagonals of a polygon.,Design audit only; not mathematically verified,PS.MAT.G5.89.1,Retain source outcome; no automatic merge.,False,,Written/constructed response,False
261,PS.MAT.G5.G.89.2,PS.MAT.G5.89.2,Lesson 89:,Diagonals • Interior Angles • Exterior Angles,Find the sum of the measures of the interior angles of a polygon.,Missing,,Add a generator and response contract for this exact task: Find the sum of the measures of the interior angles of a polygon.,Design audit only; not mathematically verified,PS.MAT.G5.89.2,Retain source outcome; no automatic merge.,False,,Task-specific response contract,False
262,PS.MAT.G5.G.89.3,PS.MAT.G5.89.3,Lesson 89:,Diagonals • Interior Angles • Exterior Angles,Find the measure of each interior angle of a regular polygon.,Missing,,Add a generator and response contract for this exact task: Find the measure of each interior angle of a regular polygon.,Design audit only; not mathematically verified,PS.MAT.G5.89.3,Retain source outcome; no automatic merge.,False,,Task-specific response contract,False
263,PS.MAT.G5.G.89.4,PS.MAT.G5.89.4,Lesson 89:,Diagonals • Interior Angles • Exterior Angles,Find the sum of the measures of the exterior angles of a polygon.,Missing,,Add a generator and response contract for this exact task: Find the sum of the measures of the exterior angles of a polygon.,Design audit only; not mathematically verified,PS.MAT.G5.89.4,Retain source outcome; no automatic merge.,False,,Task-specific response contract,False
264,PS.MAT.G5.G.89.5,PS.MAT.G5.89.5,Lesson 89:,Diagonals • Interior Angles • Exterior Angles,Find the measure of each exterior angle of a regular polygon.,Missing,,Add a generator and response contract for this exact task: Find the measure of each exterior angle of a regular polygon.,Design audit only; not mathematically verified,PS.MAT.G5.89.5,Retain source outcome; no automatic merge.,False,,Task-specific response contract,False
265,PS.MAT.G5.EE.90.1,PS.MAT.G5.90.1,Lesson 90:,Mixed-Number Coefficients • Negative Coefficients,Solve an equation that has a mixed-number coefficient.,Partial,g7-fraceq,Fractional coefficient exists but not mixed-number notation; add required representation.,Design audit only; not mathematically verified,PS.MAT.G5.90.1,Retain source outcome; no automatic merge.,False,,Task-specific response contract,False
266,PS.MAT.G5.EE.90.2,PS.MAT.G5.90.2,Lesson 90:,Mixed-Number Coefficients • Negative Coefficients,Solve an equation that has a negative coefficient.,Partial,g7-eq,Negative coefficient occurs in two-step tasks; add specifically selectable one-step/negative-coefficient variant.,Design audit only; not mathematically verified,PS.MAT.G5.90.2,Retain source outcome; no automatic merge.,False,,Task-specific response contract,False
267,PS.MAT.G5.EE.91.1,PS.MAT.G5.91.1,Lesson 91:,Evaluations with Signed Numbers • Signed Numbers Without Parentheses,Evaluate expressions with negative numbers in place of variables.,Direct,g7-eval,Substitution of negative values into an expression exists.,Design audit only; not mathematically verified,PS.MAT.G5.91.1,Retain source outcome; no automatic merge.,False,,Task-specific response contract,False
268,PS.MAT.G5.EE.91.2,PS.MAT.G5.91.2,Lesson 91:,Evaluations with Signed Numbers • Signed Numbers Without Parentheses,Simplify expressions containing signed numbers that are written without parentheses.,Partial,g7-intadd; g7-intsub,Existing signed operands use parentheses; add unparenthesized algebraic notation.,Design audit only; not mathematically verified,PS.MAT.G5.91.2,Retain source outcome; no automatic merge.,False,,Task-specific response contract,False
269,PS.MAT.G5.RP.92.1,PS.MAT.G5.92.1,Lesson 92:,Percent of Change,Identify problems that use a percent to describe an amount of change.,Partial,g7-change,Percent-change computation exists; identifying problem type and ratio-box method not elicited.,Design audit only; not mathematically verified,PS.MAT.G5.92.1,Retain source outcome; no automatic merge.,False,,Task-specific response contract,False
270,PS.MAT.G5.RP.92.2,PS.MAT.G5.92.2,Lesson 92:,Percent of Change,Use a ratio box to solve percent of change problems.,Partial,g7-change,Percent-change computation exists; identifying problem type and ratio-box method not elicited.,Design audit only; not mathematically verified,PS.MAT.G5.92.2,Retain source outcome; no automatic merge.,False,,Task-specific response contract,False
271,PS.MAT.G5.EE.93.1,PS.MAT.G5.93.1,Lesson 93:,Two-Step Equations and Inequalities,Solve two-step equations.,Direct,g7-eq,Two-step equation generator exists.,Design audit only; not mathematically verified,PS.MAT.G5.93.1,Retain source outcome; no automatic merge.,False,,Task-specific response contract,False
272,PS.MAT.G5.EE.93.2,PS.MAT.G5.93.2,Lesson 93:,Two-Step Equations and Inequalities,Solve two-step inequalities.,Direct,g7-inequality,Two-step inequality solving exists; graph output remains separate gap 78.2.,Design audit only; not mathematically verified,PS.MAT.G5.93.2,Retain source outcome; no automatic merge.,False,,Task-specific response contract,False
273,PS.MAT.G5.SP.94.1,PS.MAT.G5.94.1,Lesson 94:,Compound Probability,Draw a tree diagram to make a list of outcomes.,Missing,,Add a generator and response contract for this exact task: Draw a tree diagram to make a list of outcomes.,Design audit only; not mathematically verified,PS.MAT.G5.94.1,Retain source outcome; no automatic merge.,False,,Written/constructed response,False
274,PS.MAT.G5.SP.94.2,PS.MAT.G5.94.2,Lesson 94:,Compound Probability,Find the probability of independent events occurring in a specified order.,Missing,,Add a generator and response contract for this exact task: Find the probability of independent events occurring in a specified order.,Design audit only; not mathematically verified,PS.MAT.G5.94.2,Retain source outcome; no automatic merge.,False,,Task-specific response contract,False
275,PS.MAT.G5.SP.94.3,PS.MAT.G5.94.3,Lesson 94:,Compound Probability,Find the probability of dependent events occurring in a specified order.,Missing,,Add a generator and response contract for this exact task: Find the probability of dependent events occurring in a specified order.,Design audit only; not mathematically verified,PS.MAT.G5.94.3,Retain source outcome; no automatic merge.,False,,Task-specific response contract,False
276,PS.MAT.G5.MD.95.1,PS.MAT.G5.95.1,Lesson 95:,Volume of a Right Solid,Find the volume of a right solid.,Missing,,Add a generator and response contract for this exact task: Find the volume of a right solid.,Design audit only; not mathematically verified,PS.MAT.G5.95.1,Retain source outcome; no automatic merge.,False,,Task-specific response contract,False
277,PS.MAT.G5.G.96.1,PS.MAT.G5.96.1,Lesson 96:,Estimating Angle Measures • Distributive Property with Algebraic Terms,Estimate angle measures.,Missing,,Add a generator and response contract for this exact task: Estimate angle measures.,Design audit only; not mathematically verified,PS.MAT.G5.96.1,Retain source outcome; no automatic merge.,False,,Task-specific response contract,False
278,PS.MAT.G5.EE.96.2,PS.MAT.G5.96.2,Lesson 96:,Estimating Angle Measures • Distributive Property with Algebraic Terms,Use the distributive property to simplify expressions with algebraic terms.,Direct,g6-distribute; g7-distribute,Positive and signed distributive expansion generators exist.,Design audit only; not mathematically verified,PS.MAT.G5.96.2,Retain source outcome; no automatic merge.,False,,Task-specific response contract,False
279,PS.MAT.G5.G.97.1,PS.MAT.G5.97.1,Lesson 97:,Similar Triangles • Indirect Measure,Identify the corresponding angles and corresponding sides of similar triangles.,Missing,,Add a generator and response contract for this exact task: Identify the corresponding angles and corresponding sides of similar triangles.,Design audit only; not mathematically verified,PS.MAT.G5.97.1,Retain source outcome; no automatic merge.,False,,Task-specific response contract,False
280,PS.MAT.G5.G.97.2,PS.MAT.G5.97.2,Lesson 97:,Similar Triangles • Indirect Measure,Use proportions to find the lengths of unknown sides of similar triangles.,Missing,,Add a generator and response contract for this exact task: Use proportions to find the lengths of unknown sides of similar triangles.,Design audit only; not mathematically verified,PS.MAT.G5.97.2,Retain source outcome; no automatic merge.,False,,Task-specific response contract,False
281,PS.MAT.G5.G.97.3,PS.MAT.G5.97.3,Lesson 97:,Similar Triangles • Indirect Measure,Use proportions to measure the height of an object indirectly.,Missing,,Add a generator and response contract for this exact task: Use proportions to measure the height of an object indirectly.,Design audit only; not mathematically verified,PS.MAT.G5.97.3,Retain source outcome; no automatic merge.,False,,Task-specific response contract,False
282,PS.MAT.G5.G.98.1,PS.MAT.G5.98.1,Lesson 98:,Scale • Scale Factor,Use a scale to write a proportion to find a measurement on either a model of an object or the actual object.,Partial,g6-ratio; g7-proportion,Ratio/constant calculation exists; add geometric scale-model context and both directions.,Design audit only; not mathematically verified,PS.MAT.G5.98.1,Retain source outcome; no automatic merge.,False,,Task-specific response contract,False
283,PS.MAT.G5.G.98.2,PS.MAT.G5.98.2,Lesson 98:,Scale • Scale Factor,Determine the scale factor in a proportion.,Partial,g6-ratio; g7-proportion,Ratio/constant calculation exists; add geometric scale-model context and both directions.,Design audit only; not mathematically verified,PS.MAT.G5.98.2,Retain source outcome; no automatic merge.,False,,Task-specific response contract,False
284,PS.MAT.G5.G.98.3,PS.MAT.G5.98.3,Lesson 98:,Scale • Scale Factor,Use the scale factor to solve a proportion.,Partial,g6-ratio; g7-proportion,Ratio/constant calculation exists; add geometric scale-model context and both directions.,Design audit only; not mathematically verified,PS.MAT.G5.98.3,Retain source outcome; no automatic merge.,False,,Task-specific response contract,False
285,PS.MAT.G5.G.99.1,PS.MAT.G5.99.1,Lesson 99:,Pythagorean Theorem,Use the Pythagorean theorem to find the unknown length of a side of a right triangle.,Missing,,Add a generator and response contract for this exact task: Use the Pythagorean theorem to find the unknown length of a side of a right triangle.,Design audit only; not mathematically verified,PS.MAT.G5.99.1,Retain source outcome; no automatic merge.,False,,Task-specific response contract,False
286,PS.MAT.G5.NS.100.1,PS.MAT.G5.100.1,Lesson 100:,Estimating Square Roots • Irrational Numbers,Determine which two consecutive integers the square root of a nonperfect square falls between.,Missing,,Add a generator and response contract for this exact task: Determine which two consecutive integers the square root of a nonperfect square falls between.,Design audit only; not mathematically verified,PS.MAT.G5.100.1,Retain source outcome; no automatic merge.,False,,Task-specific response contract,False
287,PS.MAT.G5.NS.100.2,PS.MAT.G5.100.2,Lesson 100:,Estimating Square Roots • Irrational Numbers,Estimate a decimal (or fraction) value for the square root of a nonperfect square.,Missing,,Add a generator and response contract for this exact task: Estimate a decimal (or fraction) value for the square root of a nonperfect square.,Design audit only; not mathematically verified,PS.MAT.G5.100.2,Retain source outcome; no automatic merge.,False,,Task-specific response contract,False
288,PS.MAT.G5.NS.100.3,PS.MAT.G5.100.3,Lesson 100:,Estimating Square Roots • Irrational Numbers,Show the approximate locations of points representing rational and irrational numbers on a number line.,Missing,,Add a generator and response contract for this exact task: Show the approximate locations of points representing rational and irrational numbers on a number line.,Design audit only; not mathematically verified,PS.MAT.G5.100.3,Retain source outcome; no automatic merge.,False,,Task-specific response contract,False
289,PS.MAT.G5.EE.101.1,PS.MAT.G5.101.1,Lesson 101:,Translating Expressions into Equations,Translate mathematical phrases into algebraic form.,Partial,g6-write,One phrase family ax+b exists; extend operation/relationship families.,Design audit only; not mathematically verified,PS.MAT.G5.101.1,Retain source outcome; no automatic merge.,False,,Task-specific response contract,False
290,PS.MAT.G5.EE.101.2,PS.MAT.G5.101.2,Lesson 101:,Translating Expressions into Equations,Translate geometric relationships into algebraic equations and solve.,Partial,g4-geo-rectangle-missing-area; g4-geo-rectangle-missing-perimeter,Missing dimensions present; translating geometry into an equation is not elicited.,Design audit only; not mathematically verified,PS.MAT.G5.101.2,Retain source outcome; no automatic merge.,False,,Task-specific response contract,False
291,PS.MAT.G5.G.102.1,PS.MAT.G5.102.1,Lesson 102:,Transversals • Simplifying Equations,Find the measures of the eight angles formed when a transversal intersects a pair of parallel lines.,Missing,,Add a generator and response contract for this exact task: Find the measures of the eight angles formed when a transversal intersects a pair of parallel lines.,Design audit only; not mathematically verified,PS.MAT.G5.102.1,Retain source outcome; no automatic merge.,False,,Task-specific response contract,False
292,PS.MAT.G5.G.102.2,PS.MAT.G5.102.2,Lesson 102:,Transversals • Simplifying Equations,Identify the special pairs of angles formed when a transversal intersects a pair of lines.,Missing,,Add a generator and response contract for this exact task: Identify the special pairs of angles formed when a transversal intersects a pair of lines.,Design audit only; not mathematically verified,PS.MAT.G5.102.2,Retain source outcome; no automatic merge.,False,,Task-specific response contract,False
293,PS.MAT.G5.EE.102.3,PS.MAT.G5.102.3,Lesson 102:,Transversals • Simplifying Equations,Simplify an equation as the first step of the solution.,Partial,g7-eqgroup,Parenthesized equations exist; add collection/simplification before solving and broader equation forms.,Design audit only; not mathematically verified,PS.MAT.G5.102.3,Retain source outcome; no automatic merge.,False,,Task-specific response contract,False
294,PS.MAT.G5.NS.103.1,PS.MAT.G5.103.1,Lesson 103:,Powers of Negative Numbers • Dividing Terms,Determine if the sign of the product of three or more factors is positive or negative.,Partial,g7-intmul,Two-factor product exists; add sign-only task for three or more factors.,Design audit only; not mathematically verified,PS.MAT.G5.103.1,Retain source outcome; no automatic merge.,False,,Task-specific response contract,False
295,PS.MAT.G5.EE.103.2,PS.MAT.G5.103.2,Lesson 103:,Powers of Negative Numbers • Dividing Terms,Raise a negative number to a power.,Partial,g7-eval,Negative value is squared during substitution; add direct negative-base exponent task with parity variation.,Design audit only; not mathematically verified,PS.MAT.G5.103.2,Retain source outcome; no automatic merge.,False,,Task-specific response contract,False
296,PS.MAT.G5.EE.103.3,PS.MAT.G5.103.3,Lesson 103:,Powers of Negative Numbers • Dividing Terms,Divide terms by removing pairs of factors that equal 1.,Missing,,Add a generator and response contract for this exact task: Divide terms by removing pairs of factors that equal 1.,Design audit only; not mathematically verified,PS.MAT.G5.103.3,Retain source outcome; no automatic merge.,False,,Task-specific response contract,False
297,PS.MAT.G5.MD.104.1,PS.MAT.G5.104.1,Lesson 104:,"Semicircles, Arcs, and Sectors",Find the lengths of semicircles and the areas they enclose.,Missing,,Add a generator and response contract for this exact task: Find the lengths of semicircles and the areas they enclose.,Design audit only; not mathematically verified,PS.MAT.G5.104.1,Retain source outcome; no automatic merge.,False,,Task-specific response contract,False
298,PS.MAT.G5.MD.104.2,PS.MAT.G5.104.2,Lesson 104:,"Semicircles, Arcs, and Sectors",Find the lengths of arcs that are not semicircles.,Missing,,Add a generator and response contract for this exact task: Find the lengths of arcs that are not semicircles.,Design audit only; not mathematically verified,PS.MAT.G5.104.2,Retain source outcome; no automatic merge.,False,,Task-specific response contract,False
299,PS.MAT.G5.MD.104.3,PS.MAT.G5.104.3,Lesson 104:,"Semicircles, Arcs, and Sectors",Find the areas of sectors that are not semicircles.,Missing,,Add a generator and response contract for this exact task: Find the areas of sectors that are not semicircles.,Design audit only; not mathematically verified,PS.MAT.G5.104.3,Retain source outcome; no automatic merge.,False,,Task-specific response contract,False
300,PS.MAT.G5.MD.105.1,PS.MAT.G5.105.1,Lesson 105:,Surface Area of a Right Solid • Surface Area of a Sphere • More on Roots,Calculate the surface area of a right solid.,Missing,,Add a generator and response contract for this exact task: Calculate the surface area of a right solid.,Design audit only; not mathematically verified,PS.MAT.G5.105.1,Retain source outcome; no automatic merge.,False,,Task-specific response contract,False
301,PS.MAT.G5.MD.105.2,PS.MAT.G5.105.2,Lesson 105:,Surface Area of a Right Solid • Surface Area of a Sphere • More on Roots,Calculate the surface area of a sphere.,Missing,,Add a generator and response contract for this exact task: Calculate the surface area of a sphere.,Design audit only; not mathematically verified,PS.MAT.G5.105.2,Retain source outcome; no automatic merge.,False,,Task-specific response contract,False
302,PS.MAT.G5.NS.105.3,PS.MAT.G5.105.3,Lesson 105:,Surface Area of a Right Solid • Surface Area of a Sphere • More on Roots,Find the two square roots of a positive number.,Missing,,Add a generator and response contract for this exact task: Find the two square roots of a positive number.,Design audit only; not mathematically verified,PS.MAT.G5.105.3,Retain source outcome; no automatic merge.,False,,Task-specific response contract,False
303,PS.MAT.G5.NS.105.4,PS.MAT.G5.105.4,Lesson 105:,Surface Area of a Right Solid • Surface Area of a Sphere • More on Roots,Find the cube root of a number.,Missing,,Add a generator and response contract for this exact task: Find the cube root of a number.,Design audit only; not mathematically verified,PS.MAT.G5.105.4,Retain source outcome; no automatic merge.,False,,Task-specific response contract,False
304,PS.MAT.G5.RP.INV1.1,PS.MAT.G5.INV1.1,Investigation 1,Investigating Fractions and Percents with Manipulatives,Create and use fraction circles to model and solve problems with fractions and percents.,Partial,g3-fraction; g6-represent,Fraction/percent computation exists; required fraction-circle model absent.,Design audit only; not mathematically verified,PS.MAT.G5.INV1.1,Retain source outcome; no automatic merge.,False,,Written/constructed response,False
305,PS.MAT.G5.RP.INV1.2,PS.MAT.G5.INV1.2,Investigation 1,Investigating Fractions and Percents with Manipulatives,Use fraction circles to model equivalent fractions and percents.,Partial,g3-fraction; g6-represent,Fraction/percent computation exists; required fraction-circle model absent.,Design audit only; not mathematically verified,PS.MAT.G5.INV1.2,Retain source outcome; no automatic merge.,True,,Task-specific response contract,False
306,PS.MAT.G5.G.INV2.1,PS.MAT.G5.INV2.1,Investigation 2,"Using a Compass and Straightedge, Part 1",Use a compass to draw concentric circles.,Missing,,Add a generator and response contract for this exact task: Use a compass to draw concentric circles.,Design audit only; not mathematically verified,PS.MAT.G5.INV2.1,Retain source outcome; no automatic merge.,False,,Written/constructed response,False
307,PS.MAT.G5.G.INV2.2,PS.MAT.G5.INV2.2,Investigation 2,"Using a Compass and Straightedge, Part 1",Use a compass to inscribe regular hexagons and regular triangles in circles.,Missing,,Add a generator and response contract for this exact task: Use a compass to inscribe regular hexagons and regular triangles in circles.,Design audit only; not mathematically verified,PS.MAT.G5.INV2.2,Retain source outcome; no automatic merge.,False,,Written/constructed response,False
308,PS.MAT.G5.G.INV2.3,PS.MAT.G5.INV2.3,Investigation 2,"Using a Compass and Straightedge, Part 1",Use a compass to divide a circle into equal sectors.,Missing,,Add a generator and response contract for this exact task: Use a compass to divide a circle into equal sectors.,Design audit only; not mathematically verified,PS.MAT.G5.INV2.3,Retain source outcome; no automatic merge.,False,,Written/constructed response,False
309,PS.MAT.G5.G.INV2.4,PS.MAT.G5.INV2.4,Investigation 2,"Using a Compass and Straightedge, Part 1",Find the measure of inscribed and central angles with a protractor.,Missing,,Add a generator and response contract for this exact task: Find the measure of inscribed and central angles with a protractor.,Design audit only; not mathematically verified,PS.MAT.G5.INV2.4,Retain source outcome; no automatic merge.,False,,Written/constructed response,False
310,PS.MAT.G5.G.INV2.5,PS.MAT.G5.INV2.5,Investigation 2,"Using a Compass and Straightedge, Part 1",Use proper terminology when describing circles.,Missing,,Add a generator and response contract for this exact task: Use proper terminology when describing circles.,Design audit only; not mathematically verified,PS.MAT.G5.INV2.5,Retain source outcome; no automatic merge.,False,,Task-specific response contract,False
311,PS.MAT.G5.G.INV3.1,PS.MAT.G5.INV3.1,Investigation 3,Coordinate Plane,Identify parts of a coordinate plane.,Missing,,Add a generator and response contract for this exact task: Identify parts of a coordinate plane.,Design audit only; not mathematically verified,PS.MAT.G5.INV3.1,Retain source outcome; no automatic merge.,False,,Task-specific response contract,False
312,PS.MAT.G5.G.INV3.2,PS.MAT.G5.INV3.2,Investigation 3,Coordinate Plane,Write the coordinates of any point on a coordinate plane.,Missing,,Add a generator and response contract for this exact task: Write the coordinates of any point on a coordinate plane.,Design audit only; not mathematically verified,PS.MAT.G5.INV3.2,Retain source outcome; no automatic merge.,False,,Task-specific response contract,False
313,PS.MAT.G5.G.INV3.3,PS.MAT.G5.INV3.3,Investigation 3,Coordinate Plane,Graph points on a coordinate plane.,Missing,,Add a generator and response contract for this exact task: Graph points on a coordinate plane.,Design audit only; not mathematically verified,PS.MAT.G5.INV3.3,Retain source outcome; no automatic merge.,False,,Task-specific response contract,False
314,PS.MAT.G5.SP.INV4.1,PS.MAT.G5.INV4.1,Investigation 4,"Stem-and-Leaf Plots, Box-and-Whisker Plots",Create a stem-and-leaf plot.,Missing,,Add a generator and response contract for this exact task: Create a stem-and-leaf plot.,Design audit only; not mathematically verified,PS.MAT.G5.INV4.1,Retain source outcome; no automatic merge.,False,,Written/constructed response,False
315,PS.MAT.G5.SP.INV4.2,PS.MAT.G5.INV4.2,Investigation 4,"Stem-and-Leaf Plots, Box-and-Whisker Plots",Interpret a stem-and-leaf plot.,Missing,,Add a generator and response contract for this exact task: Interpret a stem-and-leaf plot.,Design audit only; not mathematically verified,PS.MAT.G5.INV4.2,Retain source outcome; no automatic merge.,False,,Task-specific response contract,False
316,PS.MAT.G5.SP.INV4.3,PS.MAT.G5.INV4.3,Investigation 4,"Stem-and-Leaf Plots, Box-and-Whisker Plots","Find the mode, range, and median of a set of data.",Missing,,"Add a generator and response contract for this exact task: Find the mode, range, and median of a set of data.",Design audit only; not mathematically verified,PS.MAT.G5.INV4.3,Retain source outcome; no automatic merge.,False,,Task-specific response contract,False
317,PS.MAT.G5.SP.INV4.4,PS.MAT.G5.INV4.4,Investigation 4,"Stem-and-Leaf Plots, Box-and-Whisker Plots","Find the first quartile (lower quartile), third quartile (upper quartile), and extremes.",Missing,,"Add a generator and response contract for this exact task: Find the first quartile (lower quartile), third quartile (upper quartile), and extremes.",Design audit only; not mathematically verified,PS.MAT.G5.INV4.4,Retain source outcome; no automatic merge.,False,,Task-specific response contract,False
318,PS.MAT.G5.SP.INV4.5,PS.MAT.G5.INV4.5,Investigation 4,"Stem-and-Leaf Plots, Box-and-Whisker Plots",Create a box-and-whisker plot.,Missing,,Add a generator and response contract for this exact task: Create a box-and-whisker plot.,Design audit only; not mathematically verified,PS.MAT.G5.INV4.5,Retain source outcome; no automatic merge.,False,,Written/constructed response,False
319,PS.MAT.G5.SP.INV4.6,PS.MAT.G5.INV4.6,Investigation 4,"Stem-and-Leaf Plots, Box-and-Whisker Plots",Interpret a box-and-whisker plot.,Missing,,Add a generator and response contract for this exact task: Interpret a box-and-whisker plot.,Design audit only; not mathematically verified,PS.MAT.G5.INV4.6,Retain source outcome; no automatic merge.,False,,Task-specific response contract,False
320,PS.MAT.G5.SP.INV5.1,PS.MAT.G5.INV5.1,Investigation 5,Creating Graphs,Create a histogram.,Missing,,Add a generator and response contract for this exact task: Create a histogram.,Design audit only; not mathematically verified,PS.MAT.G5.INV5.1,Retain source outcome; no automatic merge.,False,,Written/constructed response,False
321,PS.MAT.G5.SP.INV5.2,PS.MAT.G5.INV5.2,Investigation 5,Creating Graphs,Create a double-line graph.,Missing,,Add a generator and response contract for this exact task: Create a double-line graph.,Design audit only; not mathematically verified,PS.MAT.G5.INV5.2,Retain source outcome; no automatic merge.,False,,Written/constructed response,False
322,PS.MAT.G5.SP.INV5.3,PS.MAT.G5.INV5.3,Investigation 5,Creating Graphs,Create a circle graph (or pie graph).,Missing,,Add a generator and response contract for this exact task: Create a circle graph (or pie graph).,Design audit only; not mathematically verified,PS.MAT.G5.INV5.3,Retain source outcome; no automatic merge.,False,,Written/constructed response,False
323,PS.MAT.G5.G.INV6.1,PS.MAT.G5.INV6.1,Investigation 6,Classifying Quadrilaterals,Classify quadrilaterals by their characteristics.,Missing,,Add a generator and response contract for this exact task: Classify quadrilaterals by their characteristics.,Design audit only; not mathematically verified,PS.MAT.G5.INV6.1,Retain source outcome; no automatic merge.,False,,Task-specific response contract,False
324,PS.MAT.G5.G.INV6.2,PS.MAT.G5.INV6.2,Investigation 6,Classifying Quadrilaterals,Use Venn diagrams to illustrate relationships among quadrilaterals.,Missing,,Add a generator and response contract for this exact task: Use Venn diagrams to illustrate relationships among quadrilaterals.,Design audit only; not mathematically verified,PS.MAT.G5.INV6.2,Retain source outcome; no automatic merge.,False,,Written/constructed response,False
325,PS.MAT.G5.G.INV6.3,PS.MAT.G5.INV6.3,Investigation 6,Classifying Quadrilaterals,Draw lines of symmetry in quadrilaterals.,Missing,,Add a generator and response contract for this exact task: Draw lines of symmetry in quadrilaterals.,Design audit only; not mathematically verified,PS.MAT.G5.INV6.3,Retain source outcome; no automatic merge.,False,,Written/constructed response,False
326,PS.MAT.G5.G.INV6.4,PS.MAT.G5.INV6.4,Investigation 6,Classifying Quadrilaterals,Locate a point of symmetry in a parallelogram.,Missing,,Add a generator and response contract for this exact task: Locate a point of symmetry in a parallelogram.,Design audit only; not mathematically verified,PS.MAT.G5.INV6.4,Retain source outcome; no automatic merge.,False,,Task-specific response contract,False
327,PS.MAT.G5.EE.INV7.1,PS.MAT.G5.INV7.1,Investigation 7,Balanced Equations,Use a balance scale to model an equation.,Missing,,Add a generator and response contract for this exact task: Use a balance scale to model an equation.,Design audit only; not mathematically verified,PS.MAT.G5.INV7.1,Retain source outcome; no automatic merge.,False,,Task-specific response contract,False
328,PS.MAT.G5.EE.INV7.2,PS.MAT.G5.INV7.2,Investigation 7,Balanced Equations,Solve and check equations that involve addition.,Partial,g6-eq,Addition-equation solving exists; explicit check by substitution is not elicited.,Design audit only; not mathematically verified,PS.MAT.G5.INV7.2,Retain source outcome; no automatic merge.,False,,Task-specific response contract,False
329,PS.MAT.G5.G.INV8.1,PS.MAT.G5.INV8.1,Investigation 8,"Using a Compass and Straightedge, Part 2","Use a compass and straightedge to bisect a line segment, inscribe a square in a circle, bisect an angle, and inscribe a regular octagon in a circle.",Missing,,"Add a generator and response contract for this exact task: Use a compass and straightedge to bisect a line segment, inscribe a square in a circle, bisect an angle, and inscribe a regular octagon in a circle.",Design audit only; not mathematically verified,PS.MAT.G5.INV8.1,Retain source outcome; no automatic merge.,False,,Written/constructed response,False
330,PS.MAT.G5.F.INV9.1,PS.MAT.G5.INV9.1,Investigation 9,Graphing Functions,Graph all possible pairs of numbers that satisfy an equation.,Missing,,Add a generator and response contract for this exact task: Graph all possible pairs of numbers that satisfy an equation.,Design audit only; not mathematically verified,PS.MAT.G5.INV9.1,Retain source outcome; no automatic merge.,False,,Task-specific response contract,False
331,PS.MAT.G5.F.INV9.2,PS.MAT.G5.INV9.2,Investigation 9,Graphing Functions,Use the graph of an equation to determine pairs of numbers that satisfy the equation.,Missing,,Add a generator and response contract for this exact task: Use the graph of an equation to determine pairs of numbers that satisfy the equation.,Design audit only; not mathematically verified,PS.MAT.G5.INV9.2,Retain source outcome; no automatic merge.,False,,Task-specific response contract,False
332,PS.MAT.G5.F.INV9.3,PS.MAT.G5.INV9.3,Investigation 9,Graphing Functions,"Write an equation for a relationship between two variables, make a table of ordered pairs, and then draw a graph of the function.",Missing,,"Add a generator and response contract for this exact task: Write an equation for a relationship between two variables, make a table of ordered pairs, and then draw a graph of the function.",Design audit only; not mathematically verified,PS.MAT.G5.INV9.3,Retain source outcome; no automatic merge.,False,,Written/constructed response,False
